DataHora,Municipio,Bioma,Latitude,Longitude,FRP
2026/09/05 00:00:00,BARRA DO CORDA,Cerrado,-5.7756,-45.0826,120.4
2026/09/05 00:00:00,BARRA DO CORDA,Cerrado,-5.7571,-45.0613,60.7
2026/09/05 00:00:00,BARRA DO CORDA,Cerrado,-5.7758,-45.0599,163.3
2026/09/05 00:08:00,MIRADOR,Cerrado,-6.554200172424316,-44.76890182495117,
2026/09/05 00:08:00,BARRA DO CORDA,Cerrado,-5.768599987030029,-45.06549835205078,
2026/09/05 00:08:00,BALSAS,Cerrado,-7.674600124359131,-46.07600021362305,
2026/09/05 00:08:00,BARRA DO CORDA,Cerrado,-5.614200115203857,-45.2422981262207,
2026/09/05 00:08:00,URBANO SANTOS,Cerrado,-3.44350004196167,-43.26969909667969,
2026/09/05 00:08:00,BARRA DO CORDA,Cerrado,-5.490600109100342,-45.11009979248047,
2026/09/05 00:08:00,BARRA DO CORDA,Cerrado,-5.492800235748291,-45.11970138549805,
2026/09/05 00:08:00,LAGOA DO MATO,Cerrado,-5.973199844360352,-43.618900299072266,
2026/09/05 00:08:00,URBANO SANTOS,Cerrado,-3.433799982070923,-43.27199935913086,
2026/09/05 00:08:00,BALSAS,Cerrado,-7.669000148773193,-46.051700592041016,
2026/09/05 00:08:00,BARRA DO CORDA,Cerrado,-5.7708001136779785,-45.07519912719727,
2026/09/05 00:08:00,BALSAS,Cerrado,-7.670899868011475,-46.05979919433594,
2026/09/05 00:08:00,BARRA DO CORDA,Cerrado,-5.758800029754639,-45.06779861450195,
2026/09/05 00:08:00,FORMOSA DA SERRA NEGRA,Cerrado,-6.351500034332275,-46.10630035400391,
2026/09/05 00:08:00,BALSAS,Cerrado,-7.672800064086914,-46.067901611328125,
2026/09/05 00:08:00,FORMOSA DA SERRA NEGRA,Cerrado,-6.353499889373779,-46.11460113525391,
2026/09/05 00:08:00,GONÇALVES DIAS,Cerrado,-5.210599899291992,-44.31209945678711,
2026/09/05 00:08:00,BARRA DO CORDA,Cerrado,-5.766300201416016,-45.05590057373047,
2026/09/05 00:08:00,SÃO FRANCISCO DO MARANHÃO,Cerrado,-6.270699977874756,-43.268798828125,
2026/09/05 00:10:00,BARRA DO CORDA,Cerrado,-5.7758,-45.0599,135.5
2026/09/05 00:10:00,BARRA DO CORDA,Cerrado,-5.7571,-45.0613,51.2
2026/09/05 00:10:00,BARRA DO CORDA,Cerrado,-5.7756,-45.0826,114.1
2026/09/05 00:20:00,BARRA DO CORDA,Cerrado,-5.7756,-45.0826,119.9
2026/09/05 00:20:00,BARRA DO CORDA,Cerrado,-5.7758,-45.0599,141.0
2026/09/05 00:30:00,BARRA DO CORDA,Cerrado,-5.7758,-45.0599,117.9
2026/09/05 00:30:00,BARRA DO CORDA,Cerrado,-5.7756,-45.0826,118.0
2026/09/05 00:31:00,BARRA DO CORDA,Cerrado,-5.775300025939941,-45.078800201416016,
2026/09/05 00:31:00,FORMOSA DA SERRA NEGRA,Cerrado,-6.354499816894531,-46.11249923706055,
2026/09/05 00:31:00,URBANO SANTOS,Cerrado,-3.447200059890747,-43.28010177612305,
2026/09/05 00:31:00,FORMOSA DA SERRA NEGRA,Cerrado,-6.356100082397461,-46.11940002441406,
2026/09/05 00:31:00,MIRADOR,Cerrado,-6.118500232696533,-44.69020080566406,
2026/09/05 00:31:00,SÃO FRANCISCO DO MARANHÃO,Cerrado,-6.269599914550781,-43.26440048217773,
2026/09/05 00:31:00,SAMBAÍBA,Cerrado,-7.350100040435791,-45.46229934692383,
2026/09/05 00:31:00,SUCUPIRA DO RIACHÃO,Cerrado,-6.368199825286865,-43.59560012817383,
2026/09/05 00:31:00,GONÇALVES DIAS,Cerrado,-5.214600086212158,-44.31029891967773,
2026/09/05 00:31:00,BARRA DO CORDA,Cerrado,-5.4959001541137695,-45.11959838867188,
2026/09/05 00:31:00,BALSAS,Cerrado,-7.456999778747559,-46.15240097045898,
2026/09/05 00:31:00,BARRA DO CORDA,Cerrado,-5.321199893951416,-45.16709899902344,
2026/09/05 00:31:00,GONÇALVES DIAS,Cerrado,-5.21649980545044,-44.31809997558594,
2026/09/05 00:31:00,MIRADOR,Cerrado,-6.561500072479248,-44.77569961547852,
2026/09/05 00:31:00,SÃO FRANCISCO DO MARANHÃO,Cerrado,-6.271599769592285,-43.27299880981445,
2026/09/05 00:31:00,SAMBAÍBA,Cerrado,-7.351699829101562,-45.46929931640625,
2026/09/05 00:31:00,BALSAS,Cerrado,-7.673099994659424,-46.060001373291016,
2026/09/05 00:31:00,BARRA DO CORDA,Cerrado,-5.617700099945068,-45.24449920654297,
2026/09/05 00:31:00,BALSAS,Cerrado,-7.674699783325195,-46.06689834594727,
2026/09/05 00:31:00,ANAPURUS,Cerrado,-3.442800045013428,-43.261600494384766,
2026/09/05 00:31:00,BARRA DO CORDA,Cerrado,-5.771999835968018,-45.064300537109375,
2026/09/05 00:31:00,BARRA DO CORDA,Cerrado,-5.763899803161621,-45.07389831542969,
2026/09/05 00:31:00,BARRA DO CORDA,Cerrado,-5.77370023727417,-45.07160186767578,
2026/09/05 00:31:00,BALSAS,Cerrado,-7.677899837493896,-46.0806999206543,
2026/09/05 00:31:00,BARRA DO CORDA,Cerrado,-5.762199878692627,-45.06660079956055,
2026/09/05 00:31:00,URBANO SANTOS,Cerrado,-3.444999933242798,-43.27080154418945,
2026/09/05 00:31:00,BALSAS,Cerrado,-7.676300048828125,-46.07379913330078,
2026/09/05 00:31:00,PASSAGEM FRANCA,Cerrado,-6.126999855041504,-43.75510025024414,
2026/09/05 00:40:00,BARRA DO CORDA,Cerrado,-5.7571,-45.0613,55.1
2026/09/05 00:40:00,BARRA DO CORDA,Cerrado,-5.7758,-45.0599,104.3
2026/09/05 00:40:00,BARRA DO CORDA,Cerrado,-5.7756,-45.0826,87.4
2026/09/05 00:50:00,BARRA DO CORDA,Cerrado,-5.7758,-45.0599,95.5
2026/09/05 00:50:00,BARRA DO CORDA,Cerrado,-5.7756,-45.0826,81.0
2026/09/05 01:00:00,BARRA DO CORDA,Cerrado,-5.7571,-45.0613,55.8
2026/09/05 01:00:00,BARRA DO CORDA,Cerrado,-5.7756,-45.0826,62.9
2026/09/05 01:00:00,BARRA DO CORDA,Cerrado,-5.7758,-45.0599,82.9
2026/09/05 01:10:00,BARRA DO CORDA,Cerrado,-5.7758,-45.0599,79.0
2026/09/05 01:10:00,BARRA DO CORDA,Cerrado,-5.7756,-45.0826,79.3
2026/09/05 01:20:00,BARRA DO CORDA,Cerrado,-5.7758,-45.0599,85.6
2026/09/05 01:20:00,BARRA DO CORDA,Cerrado,-5.7756,-45.0826,74.1
2026/09/05 01:30:00,BARRA DO CORDA,Cerrado,-5.7758,-45.0599,62.4
2026/09/05 01:30:00,BARRA DO CORDA,Cerrado,-5.7571,-45.0613,47.5
2026/09/05 01:30:00,BARRA DO CORDA,Cerrado,-5.7756,-45.0826,50.3
2026/09/05 01:40:00,BARRA DO CORDA,Cerrado,-5.7756,-45.0826,71.8
2026/09/05 01:40:00,BARRA DO CORDA,Cerrado,-5.7758,-45.0599,71.1
2026/09/05 01:50:00,BARRA DO CORDA,Cerrado,-5.7758,-45.0599,65.9
2026/09/05 01:50:00,BALSAS,Cerrado,-7.6767,-46.0546,77.1
2026/09/05 01:50:00,BARRA DO CORDA,Cerrado,-5.7756,-45.0826,67.6
2026/09/05 02:00:00,BARRA DO CORDA,Cerrado,-5.7756,-45.0826,53.9
2026/09/05 02:00:00,BARRA DO CORDA,Cerrado,-5.7758,-45.0599,70.1
2026/09/05 02:10:00,BARRA DO CORDA,Cerrado,-5.7756,-45.0826,50.1
2026/09/05 02:30:00,BARRA DO CORDA,Cerrado,-5.7758,-45.0599,59.0
2026/09/05 02:30:00,BARRA DO CORDA,Cerrado,-5.7756,-45.0826,54.1
2026/09/05 03:23:00,SUCUPIRA DO RIACHÃO,Cerrado,-6.36998,-43.596,4.2
2026/09/05 03:23:00,MATÕES,Cerrado,-5.41491,-43.25529,28.9
2026/09/05 03:23:00,MATÕES,Cerrado,-5.41713,-43.2669,19.0
2026/09/05 03:23:00,MATÕES,Cerrado,-5.4205,-43.26265,25.0
2026/09/05 03:23:00,PASSAGEM FRANCA,Cerrado,-6.12683,-43.74979,1.8
2026/09/05 03:23:00,URBANO SANTOS,Cerrado,-3.44141,-43.26512,3.3
2026/09/05 03:23:00,MATÕES,Cerrado,-5.41381,-43.26125,25.0
2026/09/05 03:23:00,URBANO SANTOS,Cerrado,-3.44193,-43.26532,2.7
2026/09/05 03:23:00,PASSAGEM FRANCA,Cerrado,-6.12678,-43.75378,3.9
2026/09/05 03:23:00,PASSAGEM FRANCA,Cerrado,-6.12568,-43.75621,2.9
2026/09/05 03:23:00,MATÕES,Cerrado,-5.41153,-43.25939,26.5
2026/09/05 03:23:00,URBANO SANTOS,Cerrado,-3.44027,-43.27162,5.5
2026/09/05 03:23:00,URBANO SANTOS,Cerrado,-3.44083,-43.27185,2.7
2026/09/05 03:23:00,MATÕES,Cerrado,-5.41825,-43.26064,29.3
2026/09/05 04:00:00,SÃO JOÃO DOS PATOS,Cerrado,-6.71754,-43.47911,2.9
2026/09/05 04:00:00,BARRA DO CORDA,Cerrado,-5.77139,-45.06979,18.2
2026/09/05 04:00:00,URBANO SANTOS,Cerrado,-3.44313,-43.26563,1.9
2026/09/05 04:00:00,LAGOA DO MATO,Cerrado,-5.97301,-43.62913,1.8
2026/09/05 04:00:00,BARRA DO CORDA,Cerrado,-5.7658,-45.07189,2.6
2026/09/05 04:00:00,CODÓ,Cerrado,-4.41435,-43.95299,0.9
2026/09/05 04:00:00,BARRA DO CORDA,Cerrado,-5.49507,-45.12108,0.7
2026/09/05 04:00:00,MIRADOR,Cerrado,-6.55955,-44.77702,3.2
2026/09/05 04:00:00,BARRA DO CORDA,Cerrado,-5.77189,-45.0668,3.5
2026/09/05 04:00:00,BARRA DO CORDA,Cerrado,-5.77395,-45.0742,1.3
2026/09/05 04:00:00,BARRA DO CORDA,Cerrado,-5.76631,-45.0689,2.6
2026/09/05 04:00:00,BARRA DO CORDA,Cerrado,-5.32502,-45.16759,0.6
2026/09/05 04:00:00,BALSAS,Cerrado,-7.45979,-46.14128,1.6
2026/09/05 04:00:00,FORMOSA DA SERRA NEGRA,Cerrado,-6.35661,-46.11319,2.5
2026/09/05 04:00:00,PASSAGEM FRANCA,Cerrado,-6.126,-43.75513,2.7
2026/09/05 04:00:00,BARRA DO CORDA,Cerrado,-5.77447,-45.07128,1.3
2026/09/05 04:00:00,CAMPESTRE DO MARANHÃO,Cerrado,-6.17413,-47.08519,6.6
2026/09/05 04:00:00,BARRA DO CORDA,Cerrado,-5.32652,-45.16889,1.0
2026/09/05 04:00:00,LAGOA DO MATO,Cerrado,-5.97996,-43.61605,3.1
2026/09/05 04:00:00,URBANO SANTOS,Cerrado,-3.43847,-43.26488,1.9
2026/09/05 04:00:00,FORMOSA DA SERRA NEGRA,Cerrado,-6.356,-46.11652,4.0
2026/09/05 04:00:00,FORMOSA DA SERRA NEGRA,Cerrado,-6.34645,-46.10787,1.0
2026/09/05 04:00:00,CAXIAS,Cerrado,-4.90741,-43.47169,2.9
2026/09/05 04:00:00,BARRA DO CORDA,Cerrado,-5.76529,-45.07486,2.8
2026/09/05 04:00:00,BARRA DO CORDA,Cerrado,-5.3245,-45.17066,0.6
2026/09/05 04:00:00,LAGOA DO MATO,Cerrado,-5.96922,-43.62376,1.8
2026/09/05 04:00:00,LAGOA DO MATO,Cerrado,-5.97918,-43.62065,3.1
2026/09/05 04:00:00,URBANO SANTOS,Cerrado,-3.46841,-43.34517,1.4
2026/09/05 04:00:00,LAGOA DO MATO,Cerrado,-5.8,-43.6511,1.6
2026/09/05 04:00:00,SÃO DOMINGOS DO MARANHÃO,Cerrado,-5.48992,-44.35739,1.0
2026/09/05 04:00:00,URBANO SANTOS,Cerrado,-3.44151,-43.27536,2.5
2026/09/05 04:00:00,BARRA DO CORDA,Cerrado,-5.67324,-45.30222,1.2
2026/09/05 04:00:00,MIRADOR,Cerrado,-6.55565,-44.77032,1.4
2026/09/05 04:00:00,URBANO SANTOS,Cerrado,-3.44232,-43.27049,1.9
2026/09/05 04:00:00,BARRA DO CORDA,Cerrado,-5.77088,-45.07273,18.2
2026/09/05 04:00:00,BARRA DO CORDA,Cerrado,-5.48997,-45.12008,0.8
2026/09/05 04:00:00,FORMOSA DA SERRA NEGRA,Cerrado,-6.35472,-46.11517,4.7
2026/09/05 04:00:00,PASSAGEM FRANCA,Cerrado,-6.12968,-43.75264,1.2
2026/09/05 04:00:00,LAGOA DO MATO,Cerrado,-5.97538,-43.61533,1.7
2026/09/05 04:00:00,LAGOA DO MATO,Cerrado,-5.9738,-43.62452,1.8
2026/09/05 04:00:00,CAMPESTRE DO MARANHÃO,Cerrado,-6.17345,-47.08908,6.6
2026/09/05 04:00:00,CAMPESTRE DO MARANHÃO,Cerrado,-6.1733,-47.08916,6.7
2026/09/05 04:00:00,BARRA DO CORDA,Cerrado,-5.77039,-45.07564,17.0
2026/09/05 04:00:00,CAMPESTRE DO MARANHÃO,Cerrado,-6.17401,-47.08529,6.7
2026/09/05 04:00:00,LAGOA DO MATO,Cerrado,-5.80148,-43.6479,1.5
2026/09/05 04:00:00,PASSAGEM FRANCA,Cerrado,-6.1268,-43.75036,1.2
2026/09/05 04:00:00,PASSAGEM FRANCA,Cerrado,-6.12421,-43.75678,1.2
2026/09/05 04:00:00,SÃO JOÃO DOS PATOS,Cerrado,-6.71383,-43.47392,2.9
2026/09/05 04:00:00,PASSAGEM FRANCA,Cerrado,-6.12504,-43.75199,1.2
2026/09/05 04:17:00,URBANO SANTOS,Cerrado,-3.44439,-43.27468,1.7
2026/09/05 04:17:00,SANTA LUZIA DO PARUÁ,Amazônia,-2.55189,-45.80098,1.5
2026/09/05 04:17:00,URBANO SANTOS,Cerrado,-3.47041,-43.34638,0.5
2026/09/05 04:17:00,URBANO SANTOS,Cerrado,-3.4391,-43.26671,1.8
2026/09/05 04:17:00,URBANO SANTOS,Cerrado,-3.47096,-43.34291,1.2
2026/09/05 04:17:00,URBANO SANTOS,Cerrado,-3.44217,-43.26722,0.8
2026/09/05 04:17:00,URBANO SANTOS,Cerrado,-3.44162,-43.27069,1.7
2026/09/05 04:17:00,URBANO SANTOS,Cerrado,-3.43965,-43.26324,1.8
2026/09/05 04:17:00,ANAPURUS,Cerrado,-3.44273,-43.26376,0.8
2026/09/05 04:17:00,URBANO SANTOS,Cerrado,-3.44107,-43.27415,1.7
2026/09/05 04:19:00,BALSAS,Cerrado,-7.45781,-46.14894,0.7
2026/09/05 04:19:00,MIRADOR,Cerrado,-6.56232,-44.77485,1.1
2026/09/05 04:19:00,FORMOSA DA SERRA NEGRA,Cerrado,-6.34483,-46.1073,1.1
2026/09/05 04:19:00,FORMOSA DA SERRA NEGRA,Cerrado,-6.3581,-46.1122,0.8
2026/09/05 04:19:00,FORMOSA DA SERRA NEGRA,Cerrado,-6.42014,-46.20113,1.3
2026/09/05 04:19:00,GONÇALVES DIAS,Cerrado,-5.21913,-44.31524,1.3
2026/09/05 04:19:00,FORMOSA DA SERRA NEGRA,Cerrado,-6.77501,-46.46498,0.9
2026/09/05 04:19:00,BARRA DO CORDA,Cerrado,-5.61829,-45.24089,1.4
2026/09/05 04:19:00,CAXIAS,Cerrado,-4.9077,-43.47457,1.9
2026/09/05 04:19:00,CAXIAS,Cerrado,-4.90439,-43.47405,1.9
2026/09/05 04:19:00,LAGOA DO MATO,Cerrado,-5.97851,-43.62015,1.8
2026/09/05 04:19:00,FORMOSA DA SERRA NEGRA,Cerrado,-6.35483,-46.11306,3.8
2026/09/05 04:19:00,MIRADOR,Cerrado,-6.12099,-44.68579,1.5
2026/09/05 04:19:00,PASSAGEM FRANCA,Cerrado,-6.12703,-43.75436,0.8
2026/09/05 04:19:00,LAGOA DO MATO,Cerrado,-5.97574,-43.61617,1.8
2026/09/05 04:19:00,PASSAGEM FRANCA,Cerrado,-6.12648,-43.75783,0.8
2026/09/05 04:19:00,VITORINO FREIRE,Amazônia,-3.90718,-45.36692,2.4
2026/09/05 04:19:00,PASSAGEM FRANCA,Cerrado,-6.12372,-43.75384,0.8
2026/09/05 04:19:00,BARRA DO CORDA,Cerrado,-5.3243,-45.16768,1.9
2026/09/05 04:19:00,MIRADOR,Cerrado,-6.12156,-44.6822,0.6
2026/09/05 04:19:00,TUNTUM,Cerrado,-5.62488,-44.95881,0.4
2026/09/05 04:19:00,BALSAS,Cerrado,-7.67176,-46.06213,0.8
2026/09/05 04:19:00,LAGOA DO MATO,Cerrado,-5.98182,-43.62067,0.9
2026/09/05 04:19:00,LAGOA DO MATO,Cerrado,-5.97354,-43.63001,1.2
2026/09/05 04:19:00,GONÇALVES DIAS,Cerrado,-5.21577,-44.31469,1.3
2026/09/05 04:19:00,BALSAS,Cerrado,-7.46067,-46.15346,1.8
2026/09/05 04:19:00,BARRA DO CORDA,Cerrado,-5.77131,-45.07276,18.2
2026/09/05 04:19:00,LAGOA DO MATO,Cerrado,-5.97078,-43.62602,3.2
2026/09/05 04:19:00,MATÕES,Cerrado,-5.41383,-43.2609,1.1
2026/09/05 04:19:00,CAXIAS,Cerrado,-4.90107,-43.47353,0.8
2026/09/05 04:19:00,SÃO JOÃO DOS PATOS,Cerrado,-6.71818,-43.47574,1.1
2026/09/05 04:19:00,CAMPESTRE DO MARANHÃO,Cerrado,-6.17465,-47.08737,2.4
2026/09/05 04:19:00,COROATÁ,Cerrado,-3.8547,-44.05216,1.2
2026/09/05 04:19:00,BALSAS,Cerrado,-7.45911,-46.14109,1.5
2026/09/05 04:19:00,MATÕES,Cerrado,-5.41052,-43.26038,0.7
2026/09/05 04:19:00,BURITI BRAVO,Cerrado,-5.81003,-43.80304,1.0
2026/09/05 04:19:00,FORMOSA DA SERRA NEGRA,Cerrado,-6.35744,-46.11619,0.8
2026/09/05 04:19:00,BALSAS,Cerrado,-7.66892,-46.05768,1.2
2026/09/05 04:19:00,LAGOA DO MATO,Cerrado,-5.80065,-43.64845,1.8
2026/09/05 04:19:00,MATÕES,Cerrado,-5.41823,-43.25453,0.7
2026/09/05 04:19:00,BALSAS,Cerrado,-7.67616,-46.07889,1.3
2026/09/05 04:19:00,MATÕES,Cerrado,-5.41438,-43.25745,1.1
2026/09/05 04:19:00,BOM JARDIM,Amazônia,-4.3097,-46.7784,0.6
2026/09/05 04:19:00,MIRADOR,Cerrado,-6.555,-44.77736,1.6
2026/09/05 04:19:00,BARRA DO CORDA,Cerrado,-5.49362,-45.12111,1.1
2026/09/05 04:19:00,BARRA DO CORDA,Cerrado,-5.49019,-45.12054,1.1
2026/09/05 04:19:00,FORMOSA DA SERRA NEGRA,Cerrado,-6.35418,-46.11707,3.8
2026/09/05 04:19:00,FORMOSA DA SERRA NEGRA,Cerrado,-6.35456,-46.11158,3.4
2026/09/05 04:19:00,LAGOA DO MATO,Cerrado,-5.97409,-43.62655,1.6
2026/09/05 04:19:00,BALSAS,Cerrado,-7.48507,-46.09292,0.7
2026/09/05 04:19:00,MIRADOR,Cerrado,-6.55895,-44.77429,1.1
2026/09/05 04:19:00,BARRA DO CORDA,Cerrado,-5.76789,-45.07223,18.2
2026/09/05 04:19:00,BARRA DO CORDA,Cerrado,-5.77071,-45.07646,18.2
2026/09/05 04:19:00,CAXIAS,Cerrado,-4.89813,-43.2569,1.0
2026/09/05 04:19:00,MIRADOR,Cerrado,-6.55279,-44.76955,1.0
2026/09/05 04:19:00,RIBAMAR FIQUENE,Cerrado,-5.96218,-47.17742,0.9
2026/09/05 04:19:00,LAGOA DO MATO,Cerrado,-5.98237,-43.61721,0.9
2026/09/05 04:19:00,ARARI,Amazônia,-3.73039,-44.65901,0.8
2026/09/05 04:19:00,BENEDITO LEITE,Cerrado,-7.07641,-44.32125,1.3
2026/09/05 04:19:00,BARRA DO CORDA,Cerrado,-5.67447,-45.30384,2.2
2026/09/05 04:19:00,TUNTUM,Cerrado,-5.61482,-44.93438,0.6
2026/09/05 04:19:00,SÃO DOMINGOS DO MARANHÃO,Cerrado,-5.4901,-44.3583,1.3
2026/09/05 04:19:00,BARRA DO CORDA,Cerrado,-5.398,-45.14883,1.5
2026/09/05 04:19:00,MATÕES,Cerrado,-5.41769,-43.25798,1.1
2026/09/05 04:19:00,BALSAS,Cerrado,-7.46262,-46.14168,1.2
2026/09/05 04:19:00,LAGOA DO MATO,Cerrado,-5.97905,-43.61669,1.8
2026/09/05 04:19:00,MATÕES,Cerrado,-5.41492,-43.25401,0.7
2026/09/05 04:19:00,CAMPESTRE DO MARANHÃO,Cerrado,-6.17091,-47.08676,2.4
2026/09/05 04:19:00,MIRADOR,Cerrado,-6.55221,-44.77317,1.0
2026/09/05 04:19:00,TUNTUM,Cerrado,-5.62548,-44.95511,0.6
2026/09/05 04:19:00,FORMOSA DA SERRA NEGRA,Cerrado,-6.35389,-46.11559,3.4
2026/09/05 04:19:00,PASSAGEM FRANCA,Cerrado,-6.12759,-43.75088,2.3
2026/09/05 04:19:00,BARRA DO CORDA,Cerrado,-5.77192,-45.06906,17.4
2026/09/05 04:19:00,CAXIAS,Cerrado,-4.90825,-43.4711,8.0
2026/09/05 04:19:00,MATÕES,Cerrado,-5.41107,-43.25693,0.7
2026/09/05 04:19:00,BARRA DO CORDA,Cerrado,-5.7685,-45.06851,17.4
2026/09/05 04:19:00,MATÕES,Cerrado,-5.41714,-43.26143,1.1
2026/09/05 04:19:00,SÃO JOÃO DOS PATOS,Cerrado,-6.71487,-43.47521,2.0
2026/09/05 05:04:00,MIRADOR,Cerrado,-6.55375,-44.77732,1.1
2026/09/05 05:04:00,FORMOSA DA SERRA NEGRA,Cerrado,-6.35965,-46.11496,2.1
2026/09/05 05:04:00,BARRA DO CORDA,Cerrado,-5.77002,-45.06705,14.8
2026/09/05 05:04:00,URBANO SANTOS,Cerrado,-3.44309,-43.27246,2.7
2026/09/05 05:04:00,BARRA DO CORDA,Cerrado,-5.76944,-45.07134,14.8
2026/09/05 05:04:00,FORMOSA DA SERRA NEGRA,Cerrado,-6.34767,-46.10972,1.2
2026/09/05 05:04:00,BARRA DO CORDA,Cerrado,-5.77474,-45.07679,3.4
2026/09/05 05:04:00,FORMOSA DA SERRA NEGRA,Cerrado,-6.35833,-46.11507,2.9
2026/09/05 05:04:00,MIRADOR,Cerrado,-6.55433,-44.77293,1.1
2026/09/05 05:04:00,URBANO SANTOS,Cerrado,-3.44387,-43.2672,2.7
2026/09/05 05:04:00,MIRADOR,Cerrado,-6.56046,-44.77362,2.2
2026/09/05 05:04:00,BARRA DO CORDA,Cerrado,-5.32342,-45.17125,2.0
2026/09/05 05:04:00,BARRA DO CORDA,Cerrado,-5.76884,-45.07573,13.9
2026/09/05 05:04:00,ANAPURUS,Cerrado,-3.44465,-43.26192,2.4
2026/09/05 05:04:00,FORMOSA DA SERRA NEGRA,Cerrado,-6.35405,-46.11432,2.1
2026/09/05 05:04:00,URBANO SANTOS,Cerrado,-3.44468,-43.27201,3.1
2026/09/05 05:04:00,FORMOSA DA SERRA NEGRA,Cerrado,-6.35274,-46.11436,1.1
2026/09/05 05:04:00,URBANO SANTOS,Cerrado,-3.439,-43.26569,3.7
2026/09/05 05:04:00,MIRADOR,Cerrado,-6.12133,-44.68523,2.2
2026/09/05 05:04:00,BALSAS,Cerrado,-7.46146,-46.15115,1.4
2026/09/05 05:04:00,BARRA DO CORDA,Cerrado,-5.77533,-45.0724,5.4
2026/09/05 06:44:00,FORMOSA DA SERRA NEGRA,Cerrado,-6.35236,-46.11363,5.0
2026/09/05 06:44:00,CAMPESTRE DO MARANHÃO,Cerrado,-6.11737,-47.23421,17.4
2026/09/05 06:44:00,MATÕES,Cerrado,-5.41865,-43.25648,7.8
2026/09/05 06:44:00,CAMPESTRE DO MARANHÃO,Cerrado,-6.12613,-47.23551,5.3
2026/09/05 06:44:00,BARRA DO CORDA,Cerrado,-5.76829,-45.07047,38.3
2026/09/05 06:44:00,MATÕES,Cerrado,-5.40846,-43.25499,16.0
2026/09/05 06:44:00,BARRA DO CORDA,Cerrado,-5.76971,-45.06087,8.4
2026/09/05 06:44:00,CAMPESTRE DO MARANHÃO,Cerrado,-6.1187,-47.22545,14.3
2026/09/05 12:08:00,BARRA DO CORDA,Cerrado,-5.77601,-45.06352,38.4
2026/09/05 12:08:00,GRAJAÚ,Cerrado,-5.79075,-45.5495,17.2
2026/09/05 13:50:00,TASSO FRAGOSO,Cerrado,-8.152,-45.6038,107.5
2026/09/05 13:50:00,TASSO FRAGOSO,Cerrado,-8.1708,-45.6019,119.0
2026/09/05 14:10:00,TASSO FRAGOSO,Cerrado,-8.152,-45.6038,109.6
2026/09/05 14:30:00,TASSO FRAGOSO,Cerrado,-8.1708,-45.6019,51.9
2026/09/05 14:40:00,BALSAS,Cerrado,-8.7817,-46.4623,62.6
2026/09/05 14:50:00,BALSAS,Cerrado,-8.7817,-46.4623,64.0
2026/09/05 15:00:00,BALSAS,Cerrado,-8.7817,-46.4623,72.4
2026/09/05 15:00:00,BALSAS,Cerrado,-7.6765,-46.0771,49.0
2026/09/05 15:10:00,ALTO PARNAÍBA,Cerrado,-10.0527,-46.1183,52.7
2026/09/05 16:00:00,BALSAS,Cerrado,-8.7631,-46.4418,37.0
2026/09/05 16:01:00,ALTO PARNAÍBA,Cerrado,-9.17334,-46.34732,5.9
2026/09/05 16:01:00,ALTO PARNAÍBA,Cerrado,-10.06632,-46.13243,14.2
2026/09/05 16:01:00,ALTO PARNAÍBA,Cerrado,-9.37505,-46.37432,6.2
2026/09/05 16:01:00,ALTO PARNAÍBA,Cerrado,-10.07638,-46.12774,4.2
2026/09/05 16:01:00,ALTO PARNAÍBA,Cerrado,-9.17367,-46.34821,9.4
2026/09/05 16:01:00,ALTO PARNAÍBA,Cerrado,-10.06588,-46.12901,17.0
2026/09/05 16:01:00,ALTO PARNAÍBA,Cerrado,-10.07156,-46.13172,14.2
2026/09/05 16:01:00,ALTO PARNAÍBA,Cerrado,-10.06065,-46.12984,7.7
2026/09/05 16:01:00,ALTO PARNAÍBA,Cerrado,-10.06108,-46.13314,14.8
2026/09/05 16:01:00,ALTO PARNAÍBA,Cerrado,-10.08164,-46.12718,4.2
2026/09/05 16:01:00,ALTO PARNAÍBA,Cerrado,-10.08121,-46.12386,4.2
2026/09/05 16:01:00,ALTO PARNAÍBA,Cerrado,-9.17861,-46.34672,5.9
2026/09/05 16:03:00,COROATÁ,Cerrado,-3.85533,-44.0339,12.3
2026/09/05 16:03:00,TASSO FRAGOSO,Cerrado,-8.1682,-45.60339,12.7
2026/09/05 16:03:00,TASSO FRAGOSO,Cerrado,-8.15905,-45.60996,29.9
2026/09/05 16:03:00,PRIMEIRA CRUZ,Cerrado,-2.61768,-43.40188,12.1
2026/09/05 16:03:00,BALSAS,Cerrado,-7.66764,-46.061,9.4
2026/09/05 16:03:00,FERNANDO FALCÃO,Cerrado,-6.03005,-44.96529,8.6
2026/09/05 16:03:00,NOVA IORQUE,Cerrado,-6.7346,-43.93562,9.1
2026/09/05 16:03:00,NOVA IORQUE,Cerrado,-6.73031,-43.93625,9.1
2026/09/05 16:03:00,SANTA QUITÉRIA DO MARANHÃO,Cerrado,-3.37591,-42.83906,7.1
2026/09/05 16:03:00,PARNARAMA,Cerrado,-5.49212,-43.67628,6.7
2026/09/05 16:03:00,BURITI,Cerrado,-3.84264,-43.08335,135.0
2026/09/05 16:03:00,SAMBAÍBA,Cerrado,-7.35284,-45.46358,11.3
2026/09/05 16:03:00,SANTA QUITÉRIA DO MARANHÃO,Cerrado,-3.49127,-42.57208,2.6
2026/09/05 16:03:00,DOM PEDRO,Cerrado,-5.0766,-44.45966,7.5
2026/09/05 16:03:00,FERNANDO FALCÃO,Cerrado,-6.02939,-44.96065,8.6
2026/09/05 16:03:00,SÃO FRANCISCO DO MARANHÃO,Cerrado,-6.27056,-43.27082,9.1
2026/09/05 16:03:00,AMARANTE DO MARANHÃO,Cerrado,-5.5784,-46.73563,3.3
2026/09/05 16:03:00,TASSO FRAGOSO,Cerrado,-8.15832,-45.60451,29.9
2026/09/05 16:03:00,SANTANA DO MARANHÃO,Cerrado,-3.22515,-42.50982,21.8
2026/09/05 16:03:00,CÂNDIDO MENDES,Amazônia,-1.82629,-45.77958,51.4
2026/09/05 16:03:00,LAGOA DO MATO,Cerrado,-5.79822,-43.63697,12.6
2026/09/05 16:03:00,PRIMEIRA CRUZ,Cerrado,-2.61674,-43.40008,11.0
2026/09/05 16:03:00,BALSAS,Cerrado,-7.67346,-46.06613,13.2
2026/09/05 16:03:00,BURITI,Cerrado,-3.84727,-43.08767,135.0
2026/09/05 16:03:00,CÂNDIDO MENDES,Amazônia,-1.82177,-45.78025,51.4
2026/09/05 16:03:00,COELHO NETO,Cerrado,-4.15373,-43.09591,7.4
2026/09/05 16:03:00,CHAPADINHA,Cerrado,-3.82415,-43.2277,93.0
2026/09/05 16:03:00,MIRADOR,Cerrado,-6.31355,-44.65044,7.8
2026/09/05 16:03:00,PAULINO NEVES,Cerrado,-2.94164,-42.62688,4.8
2026/09/05 16:03:00,ROSÁRIO,Amazônia,-2.93451,-44.19522,9.3
2026/09/05 16:03:00,TUTÓIA,Cerrado,-2.8471,-42.21457,3.5
2026/09/05 16:03:00,SAMBAÍBA,Cerrado,-7.35303,-45.46715,7.7
2026/09/05 16:03:00,LORETO,Cerrado,-7.3448,-45.29798,5.7
2026/09/05 16:03:00,SÃO DOMINGOS DO MARANHÃO,Cerrado,-5.64661,-44.29885,8.2
2026/09/05 16:03:00,COROATÁ,Cerrado,-3.85478,-44.03019,12.3
2026/09/05 16:03:00,TASSO FRAGOSO,Cerrado,-8.16325,-45.60391,12.7
2026/09/05 16:35:00,ALTO PARNAÍBA,Cerrado,-10.08107,-46.12676,5.5
2026/09/05 16:35:00,ALTO PARNAÍBA,Cerrado,-9.93091,-45.86079,4.9
2026/09/05 16:35:00,ALTO PARNAÍBA,Cerrado,-10.06745,-46.13291,10.1
2026/09/05 16:35:00,ALTO PARNAÍBA,Cerrado,-9.93442,-45.86028,6.8
2026/09/05 16:35:00,ALTO PARNAÍBA,Cerrado,-9.93148,-45.86468,4.9
2026/09/05 16:35:00,ALTO PARNAÍBA,Cerrado,-10.06332,-46.12939,9.6
2026/09/05 16:35:00,ALTO PARNAÍBA,Cerrado,-10.05977,-46.12995,9.6
2026/09/05 16:35:00,ALTO PARNAÍBA,Cerrado,-10.071,-46.13237,10.1
2026/09/05 16:35:00,ALTO PARNAÍBA,Cerrado,-10.08048,-46.12271,5.5
2026/09/05 16:35:00,ALTO PARNAÍBA,Cerrado,-10.07752,-46.12727,7.2
2026/09/05 16:35:00,ALTO PARNAÍBA,Cerrado,-10.06686,-46.12883,12.3
2026/09/05 16:35:00,ALTO PARNAÍBA,Cerrado,-10.08403,-46.1222,5.5
2026/09/05 16:37:00,COELHO NETO,Cerrado,-4.3372,-43.04915,6.5
2026/09/05 16:37:00,ICATU,Amazônia,-2.7026,-43.96437,4.5
2026/09/05 16:37:00,BALSAS,Cerrado,-7.67673,-46.06544,7.4
2026/09/05 16:37:00,SANTA QUITÉRIA DO MARANHÃO,Cerrado,-3.31383,-42.95808,2.7
2026/09/05 16:37:00,PARNARAMA,Cerrado,-5.74446,-43.43706,8.1
2026/09/05 16:37:00,SANTANA DO MARANHÃO,Cerrado,-3.20916,-42.49384,4.9
2026/09/05 16:37:00,LAGO VERDE,Amazônia,-3.93312,-44.75628,17.9
2026/09/05 16:37:00,LORETO,Cerrado,-7.34689,-45.30136,2.8
2026/09/05 16:37:00,CHAPADINHA,Cerrado,-3.40877,-43.45842,4.9
2026/09/05 16:37:00,SANTA RITA,Amazônia,-3.08201,-44.50007,3.2
2026/09/05 16:37:00,MIRADOR,Cerrado,-6.4804,-44.79842,6.4
2026/09/05 16:37:00,PAULINO NEVES,Cerrado,-2.9839,-42.73751,8.2
2026/09/05 16:37:00,BREJO,Cerrado,-3.73203,-42.83993,2.8
2026/09/05 16:37:00,TASSO FRAGOSO,Cerrado,-8.155,-45.60288,3.5
2026/09/05 16:37:00,JENIPAPO DOS VIEIRAS,Cerrado,-5.69036,-45.55341,4.5
2026/09/05 16:37:00,NOVA IORQUE,Cerrado,-6.73429,-43.9356,6.1
2026/09/05 16:37:00,SANTANA DO MARANHÃO,Cerrado,-3.22276,-42.51168,8.4
2026/09/05 16:37:00,SANTA QUITÉRIA DO MARANHÃO,Cerrado,-3.3098,-42.95487,4.4
2026/09/05 16:37:00,SANTANA DO MARANHÃO,Cerrado,-3.21206,-42.48941,4.9
2026/09/05 16:37:00,LAGO DA PEDRA,Cerrado,-4.70646,-45.32411,2.7
2026/09/05 16:37:00,VIANA,Amazônia,-3.16074,-45.05795,2.7
2026/09/05 16:37:00,ANAJATUBA,Amazônia,-3.26646,-44.70871,3.1
2026/09/05 16:37:00,GRAJAÚ,Cerrado,-6.25485,-45.92027,6.2
2026/09/05 16:37:00,FERNANDO FALCÃO,Cerrado,-5.93586,-45.30474,12.5
2026/09/05 16:37:00,TASSO FRAGOSO,Cerrado,-8.16925,-45.60456,3.4
2026/09/05 16:37:00,SANTA QUITÉRIA DO MARANHÃO,Cerrado,-3.31038,-42.95861,2.7
2026/09/05 16:37:00,SANTANA DO MARANHÃO,Cerrado,-3.21145,-42.48552,8.2
2026/09/05 16:37:00,PAULINO NEVES,Cerrado,-2.98621,-42.72934,4.0
2026/09/05 16:37:00,MIRADOR,Cerrado,-6.48442,-44.7799,5.1
2026/09/05 16:37:00,BARRA DO CORDA,Cerrado,-5.54364,-45.20765,6.6
2026/09/05 16:37:00,SÃO DOMINGOS DO MARANHÃO,Cerrado,-5.64738,-44.29978,11.3
2026/09/05 16:37:00,TUTÓIA,Cerrado,-2.84834,-42.21536,4.9
2026/09/05 16:37:00,BALSAS,Cerrado,-7.66578,-46.06322,6.9
2026/09/05 16:37:00,COROATÁ,Cerrado,-3.8535,-44.03623,21.8
2026/09/05 16:37:00,MIRADOR,Cerrado,-6.55702,-45.35294,7.1
2026/09/05 16:37:00,ANAJATUBA,Amazônia,-3.26767,-44.69437,6.4
2026/09/05 16:37:00,GRAJAÚ,Cerrado,-6.2543,-45.9166,6.8
2026/09/05 16:37:00,BURITI,Cerrado,-3.84576,-43.07692,10.6
2026/09/05 16:37:00,TIMON,Cerrado,-5.29462,-43.05869,3.7
2026/09/05 16:37:00,FERNANDO FALCÃO,Cerrado,-5.93639,-45.30825,9.4
2026/09/05 16:37:00,PAULINO NEVES,Cerrado,-2.94153,-42.62571,5.1
2026/09/05 16:37:00,TIMON,Cerrado,-5.07814,-42.89937,2.6
2026/09/05 16:37:00,TASSO FRAGOSO,Cerrado,-8.15897,-45.60606,3.5
2026/09/05 16:37:00,TASSO FRAGOSO,Cerrado,-8.15952,-45.60975,4.7
2026/09/05 16:37:00,SANTA QUITÉRIA DO MARANHÃO,Cerrado,-3.3237,-43.04432,3.9
2026/09/05 16:37:00,GRAJAÚ,Cerrado,-6.25716,-45.91241,3.7
2026/09/05 16:37:00,GRAJAÚ,Cerrado,-6.25144,-45.92078,6.2
2026/09/05 16:37:00,CONCEIÇÃO DO LAGO-AÇU,Amazônia,-3.7725,-44.68171,3.8
2026/09/05 16:37:00,NOVA IORQUE,Cerrado,-6.73042,-43.93263,3.4
2026/09/05 16:37:00,SANTA RITA,Amazônia,-3.08254,-44.50354,2.5
2026/09/05 16:37:00,ANAPURUS,Cerrado,-3.4315,-43.19761,12.9
2026/09/05 16:37:00,CHAPADINHA,Cerrado,-3.82402,-43.23034,23.8
2026/09/05 16:37:00,SANTA QUITÉRIA DO MARANHÃO,Cerrado,-3.32428,-43.04803,5.3
2026/09/05 16:37:00,ITAPECURU MIRIM,Cerrado,-3.2965,-44.22354,5.8
2026/09/05 16:37:00,MIRADOR,Cerrado,-6.1198,-44.68793,11.4
2026/09/05 16:37:00,BARRA DO CORDA,Cerrado,-5.54311,-45.20415,6.6
2026/09/05 16:37:00,CAROLINA,Cerrado,-7.89618,-47.13022,5.3
2026/09/05 16:37:00,CAROLINA,Cerrado,-7.89646,-47.13097,7.1
2026/09/05 16:37:00,LORETO,Cerrado,-7.32096,-45.31261,4.5
2026/09/05 16:37:00,ALTO PARNAÍBA,Cerrado,-9.37722,-46.37465,5.9
2026/09/05 16:37:00,NINA RODRIGUES,Cerrado,-3.44274,-43.76825,4.5
2026/09/05 16:37:00,SÃO FRANCISCO DO MARANHÃO,Cerrado,-6.26977,-43.26999,3.2
2026/09/05 16:37:00,BOM JARDIM,Amazônia,-4.15129,-46.44193,4.1
2026/09/05 16:37:00,SANTA QUITÉRIA DO MARANHÃO,Cerrado,-3.23239,-42.87857,4.1
2026/09/05 16:37:00,CHAPADINHA,Cerrado,-3.82742,-43.22981,12.3
2026/09/05 16:37:00,PASSAGEM FRANCA,Cerrado,-6.09542,-43.6731,25.0
2026/09/05 16:37:00,CAXIAS,Cerrado,-4.90555,-43.34092,3.7
2026/09/05 16:37:00,BALSAS,Cerrado,-7.67271,-46.06218,3.8
2026/09/05 16:37:00,ITAPECURU MIRIM,Cerrado,-3.29704,-44.22703,2.4
2026/09/05 16:37:00,SÃO LUÍS,Amazônia,-2.70866,-44.24815,3.5
2026/09/05 16:37:00,COELHO NETO,Cerrado,-4.15232,-43.09661,2.8
2026/09/05 16:37:00,CAROLINA,Cerrado,-7.89683,-47.13453,5.5
2026/09/05 16:37:00,ARARI,Cerrado,-3.69178,-44.63817,5.2
2026/09/05 16:37:00,LAGO VERDE,Amazônia,-3.93365,-44.75974,10.3
2026/09/05 16:37:00,BALSAS,Cerrado,-7.66868,-46.05891,3.8
2026/09/05 16:37:00,SÃO RAIMUNDO DAS MANGABEIRAS,Cerrado,-7.15255,-45.8408,3.2
2026/09/05 16:37:00,LORETO,Cerrado,-7.32379,-45.30849,4.0
2026/09/05 16:37:00,SANTANA DO MARANHÃO,Cerrado,-3.22566,-42.50725,6.5
2026/09/05 16:37:00,PAULINO NEVES,Cerrado,-2.9868,-42.73316,4.0
2026/09/05 16:37:00,TASSO FRAGOSO,Cerrado,-8.15555,-45.60657,3.5
2026/09/05 16:37:00,BALSAS,Cerrado,-7.56509,-46.06279,2.0
2026/09/05 16:37:00,ANAJATUBA,Amazônia,-3.26873,-44.70129,4.6
2026/09/05 16:37:00,BOM JARDIM,Amazônia,-4.36265,-46.73183,3.4
2026/09/05 16:37:00,TUNTUM,Cerrado,-5.95701,-44.70984,5.8
2026/09/05 16:37:00,NOVA IORQUE,Cerrado,-6.73096,-43.93611,3.4
2026/09/05 16:37:00,BREJO DE AREIA,Amazônia,-4.41793,-45.52306,4.1
2026/09/05 16:37:00,CODÓ,Cerrado,-4.51894,-43.90538,5.3
2026/09/05 16:37:00,COROATÁ,Cerrado,-3.85684,-44.03572,8.4
2026/09/05 16:37:00,GRAJAÚ,Cerrado,-5.85517,-45.97379,2.7
2026/09/05 16:37:00,COROATÁ,Cerrado,-3.85296,-44.03271,21.8
2026/09/05 16:37:00,SANTA QUITÉRIA DO MARANHÃO,Cerrado,-3.31325,-42.95434,4.4
2026/09/05 16:37:00,PAÇO DO LUMIAR,Amazônia,-2.53245,-44.08569,2.3
2026/09/05 16:37:00,SANTANA DO MARANHÃO,Cerrado,-3.22215,-42.50779,10.3
2026/09/05 16:37:00,BARRA DO CORDA,Cerrado,-5.85724,-45.22993,6.7
2026/09/05 16:37:00,ROSÁRIO,Amazônia,-2.93396,-44.19519,7.4
2026/09/05 16:37:00,NOVA IORQUE,Cerrado,-6.72763,-43.93662,3.4
2026/09/05 16:37:00,PARNARAMA,Cerrado,-5.57855,-43.56435,6.4
2026/09/05 16:37:00,ALTO ALEGRE DO MARANHÃO,Cerrado,-4.28291,-44.43532,2.5
2026/09/05 16:37:00,COROATÁ,Cerrado,-3.85631,-44.0322,8.4
2026/09/05 16:37:00,FEIRA NOVA DO MARANHÃO,Cerrado,-6.91167,-46.44313,3.0
2026/09/05 16:37:00,PAULINO NEVES,Cerrado,-2.98331,-42.73369,12.2
2026/09/05 16:37:00,SANTANA DO MARANHÃO,Cerrado,-3.22627,-42.51114,3.6
2026/09/05 16:39:00,BACURI,Amazônia,-1.78206,-45.21179,4.1
2026/09/05 16:39:00,BACURI,Amazônia,-1.78871,-45.21079,4.8
2026/09/05 16:39:00,APICUM-AÇU,Amazônia,-1.61389,-45.1046,4.4
2026/09/05 16:39:00,CARUTAPERA,Amazônia,-1.33062,-46.03741,2.8
2026/09/05 16:39:00,APICUM-AÇU,Amazônia,-1.61442,-45.10805,4.4
2026/09/05 16:39:00,BACURI,Amazônia,-1.77821,-45.20884,5.7
2026/09/05 16:40:00,BALSAS,Cerrado,-8.7628,-46.4642,39.7
2026/09/05 16:56:00,NOVA IORQUE,Cerrado,-6.72766,-43.93372,4.5
2026/09/05 16:56:00,LORETO,Cerrado,-7.32258,-45.31414,4.7
2026/09/05 16:56:00,NOVA IORQUE,Cerrado,-6.73217,-43.93302,4.5
2026/09/05 16:56:00,TASSO FRAGOSO,Cerrado,-8.15619,-45.60628,18.9
2026/09/05 16:56:00,TASSO FRAGOSO,Cerrado,-8.16098,-45.61074,18.9
2026/09/05 16:56:00,TASSO FRAGOSO,Cerrado,-8.168,-45.60423,5.9
2026/09/05 16:56:00,ALTO PARNAÍBA,Cerrado,-10.06703,-46.12759,11.8
2026/09/05 16:56:00,CAROLINA,Cerrado,-7.97756,-47.04903,5.6
2026/09/05 16:56:00,ALTO PARNAÍBA,Cerrado,-10.07148,-46.13134,11.1
2026/09/05 16:56:00,CAROLINA,Cerrado,-7.14858,-46.92785,12.4
2026/09/05 16:56:00,BALSAS,Cerrado,-7.45807,-46.14716,6.7
2026/09/05 16:56:00,ALTO PARNAÍBA,Cerrado,-10.08188,-46.12503,6.2
2026/09/05 16:56:00,SÃO RAIMUNDO DAS MANGABEIRAS,Cerrado,-7.15176,-45.61395,4.6
2026/09/05 16:56:00,ALTO PARNAÍBA,Cerrado,-10.05957,-46.12868,9.1
2026/09/05 16:56:00,CAROLINA,Cerrado,-7.06561,-47.01603,10.1
2026/09/05 16:56:00,TASSO FRAGOSO,Cerrado,-8.15533,-45.60112,73.6
2026/09/05 16:56:00,TASSO FRAGOSO,Cerrado,-8.16013,-45.60561,18.9
2026/09/05 16:56:00,LORETO,Cerrado,-6.97403,-45.15358,17.6
2026/09/05 16:56:00,CAROLINA,Cerrado,-7.19698,-46.87512,7.0
2026/09/05 16:56:00,ALTO PARNAÍBA,Cerrado,-10.06776,-46.13194,11.1
2026/09/05 16:56:00,CAROLINA,Cerrado,-7.14119,-46.92901,7.3
2026/09/05 16:56:00,MIRADOR,Cerrado,-6.70554,-44.7969,4.7
2026/09/05 16:56:00,CAROLINA,Cerrado,-7.15227,-46.92722,12.4
2026/09/05 16:56:00,CAROLINA,Cerrado,-7.14224,-46.92743,9.1
2026/09/05 16:56:00,CAROLINA,Cerrado,-7.13783,-46.92354,9.1
2026/09/05 16:56:00,SÃO RAIMUNDO DAS MANGABEIRAS,Cerrado,-7.15118,-45.61047,6.8
2026/09/05 16:56:00,CAROLINA,Cerrado,-7.89706,-47.13084,27.5
2026/09/05 16:56:00,LORETO,Cerrado,-7.35738,-45.29733,22.1
2026/09/05 16:56:00,LORETO,Cerrado,-7.32198,-45.31057,6.0
2026/09/05 16:56:00,ALTO PARNAÍBA,Cerrado,-9.37701,-46.37133,5.4
2026/09/05 16:56:00,CAROLINA,Cerrado,-7.19769,-46.87955,9.9
2026/09/05 16:56:00,NOVA IORQUE,Cerrado,-6.73294,-43.93761,4.5
2026/09/05 16:56:00,SÃO RAIMUNDO DAS MANGABEIRAS,Cerrado,-7.15498,-45.847,5.2
2026/09/05 16:56:00,CAROLINA,Cerrado,-7.14045,-46.92455,7.3
2026/09/05 16:56:00,ALTO PARNAÍBA,Cerrado,-10.07817,-46.12566,8.7
2026/09/05 16:56:00,CAROLINA,Cerrado,-7.14489,-46.92846,7.3
2026/09/05 16:56:00,CAROLINA,Cerrado,-7.15154,-46.92278,12.4
2026/09/05 16:56:00,CAROLINA,Cerrado,-7.0693,-47.01546,9.4
2026/09/05 16:58:00,CODÓ,Cerrado,-4.55375,-43.73968,7.4
2026/09/05 16:58:00,MIRADOR,Cerrado,-6.48014,-44.79831,4.0
2026/09/05 16:58:00,BACURI,Amazônia,-1.63631,-45.1837,7.9
2026/09/05 16:58:00,VITORINO FREIRE,Amazônia,-4.27109,-45.22645,7.1
2026/09/05 16:58:00,PASSAGEM FRANCA,Cerrado,-6.09593,-43.67499,15.8
2026/09/05 16:58:00,PAULINO NEVES,Cerrado,-2.98495,-42.73355,9.8
2026/09/05 16:58:00,BURITI,Cerrado,-3.85055,-43.08379,44.1
2026/09/05 16:58:00,TURILÂNDIA,Amazônia,-2.20019,-45.59017,4.2
2026/09/05 16:58:00,FERNANDO FALCÃO,Cerrado,-5.93675,-45.31017,8.0
2026/09/05 16:58:00,SÃO BERNARDO,Cerrado,-3.28047,-42.31107,2.4
2026/09/05 16:58:00,FORTUNA,Cerrado,-5.58632,-43.99971,7.1
2026/09/05 16:58:00,CHAPADINHA,Cerrado,-3.82328,-43.22675,6.6
2026/09/05 16:58:00,PRESIDENTE SARNEY,Amazônia,-2.56436,-45.41915,3.4
2026/09/05 16:58:00,BURITI,Cerrado,-3.85007,-43.08089,44.1
2026/09/05 16:58:00,SÃO BENTO,Amazônia,-2.76474,-44.94826,10.9
2026/09/05 16:58:00,PEDRO DO ROSÁRIO,Amazônia,-2.80544,-45.42668,5.0
2026/09/05 16:58:00,COROATÁ,Cerrado,-3.85573,-44.03168,5.2
2026/09/05 16:58:00,LAGO VERDE,Amazônia,-3.93241,-44.75724,8.4
2026/09/05 16:58:00,BOM JESUS DAS SELVAS,Amazônia,-4.3892,-46.81176,7.6
2026/09/05 16:58:00,PAULINO NEVES,Cerrado,-2.98892,-42.73089,4.9
2026/09/05 16:58:00,CODÓ,Cerrado,-4.55245,-43.7379,8.9
2026/09/05 16:58:00,TUNTUM,Cerrado,-5.95871,-44.7095,4.9
2026/09/05 16:58:00,COROATÁ,Cerrado,-3.85893,-44.03509,6.6
2026/09/05 16:58:00,PAULINO NEVES,Cerrado,-2.98547,-42.73668,9.8
2026/09/05 16:58:00,CHAPADINHA,Cerrado,-3.82825,-43.22599,6.2
2026/09/05 16:58:00,CODÓ,Cerrado,-4.55637,-43.73207,8.9
2026/09/05 16:58:00,CAXIAS,Cerrado,-5.04608,-43.39751,32.0
2026/09/05 16:58:00,ANAJATUBA,Amazônia,-3.26663,-44.70829,7.8
2026/09/05 16:58:00,BURITI,Cerrado,-3.84554,-43.08459,44.1
2026/09/05 16:58:00,CHAPADINHA,Cerrado,-4.08224,-43.39142,15.6
2026/09/05 16:58:00,BURITI,Cerrado,-3.84457,-43.07877,71.9
2026/09/05 16:58:00,ICATU,Amazônia,-2.70512,-43.9647,20.3
2026/09/05 16:58:00,BURITI,Cerrado,-3.84959,-43.078,71.9
2026/09/05 16:58:00,CAXIAS,Cerrado,-5.04696,-43.39957,42.6
2026/09/05 16:58:00,PASSAGEM FRANCA,Cerrado,-6.0951,-43.67013,9.8
2026/09/05 16:58:00,ANAJATUBA,Amazônia,-3.26969,-44.69847,6.0
2026/09/05 16:58:00,ANAJATUBA,Amazônia,-3.26896,-44.6939,6.0
2026/09/05 16:58:00,MORROS,Cerrado,-3.17664,-43.69842,18.2
2026/09/05 16:58:00,CAXIAS,Cerrado,-5.04695,-43.40258,21.5
2026/09/05 16:58:00,GRAJAÚ,Cerrado,-5.80194,-46.22429,8.0
2026/09/05 16:58:00,MIRADOR,Cerrado,-6.11858,-44.6882,11.0
2026/09/05 16:58:00,BACABAL,Cerrado,-4.24551,-44.60106,9.5
2026/09/05 16:58:00,MATÕES,Cerrado,-5.42172,-43.26308,9.1
2026/09/05 16:58:00,CANTANHEDE,Cerrado,-3.55399,-44.30296,6.9
2026/09/05 16:58:00,BURITI,Cerrado,-3.84505,-43.08167,44.1
2026/09/05 16:58:00,BOM JESUS DAS SELVAS,Amazônia,-4.38843,-46.8069,8.2
2026/09/05 16:58:00,ROSÁRIO,Amazônia,-2.934,-44.19447,6.2
2026/09/05 16:58:00,CODÓ,Cerrado,-4.55289,-43.7346,7.4
2026/09/05 16:58:00,CHAPADINHA,Cerrado,-3.82794,-43.22877,17.9
2026/09/05 16:58:00,BARRA DO CORDA,Cerrado,-5.37331,-45.33618,4.4
2026/09/05 16:58:00,PAULINO NEVES,Cerrado,-2.98943,-42.73402,6.3
2026/09/05 16:58:00,BACABAL,Cerrado,-4.2403,-44.59731,9.5
2026/09/05 16:58:00,PINHEIRO,Amazônia,-2.76397,-45.22619,3.8
2026/09/05 16:58:00,CÂNDIDO MENDES,Amazônia,-1.82421,-45.78119,2.7
2026/09/05 16:58:00,TUNTUM,Cerrado,-5.8341,-44.85129,2.9
2026/09/05 16:58:00,PAULINO NEVES,Cerrado,-2.98421,-42.73479,9.7
2026/09/05 16:58:00,BACURI,Amazônia,-1.63181,-45.18441,7.9
2026/09/05 16:58:00,SÃO FRANCISCO DO MARANHÃO,Cerrado,-6.27289,-43.27173,9.2
2026/09/05 18:40:00,LAGO DA PEDRA,Cerrado,-4.9904,-45.1803,53.5
2026/09/05 19:00:00,FEIRA NOVA DO MARANHÃO,Cerrado,-7.03546,-46.82009,16.5
2026/09/05 19:00:00,FORMOSA DA SERRA NEGRA,Cerrado,-6.2846,-46.00455,30.1
2026/09/05 19:00:00,SANTA LUZIA,Amazônia,-4.30844,-46.23771,10.2
2026/09/05 19:00:00,TIMON,Cerrado,-4.98165,-42.86695,18.0
2026/09/05 19:00:00,JENIPAPO DOS VIEIRAS,Cerrado,-5.55227,-45.65177,16.8
2026/09/05 19:00:00,FORMOSA DA SERRA NEGRA,Cerrado,-6.53996,-45.8667,8.8
2026/09/05 19:00:00,CAROLINA,Cerrado,-7.06413,-47.37183,7.7
2026/09/05 19:00:00,CAROLINA,Cerrado,-7.42685,-47.50961,8.7
2026/09/05 19:00:00,NOVA COLINAS,Cerrado,-7.18348,-46.22493,9.1
2026/09/05 19:00:00,BACABAL,Cerrado,-4.2494,-44.61624,42.1
2026/09/05 19:00:00,FORMOSA DA SERRA NEGRA,Cerrado,-6.5303,-46.1286,125.3
2026/09/05 19:00:00,LAGO DA PEDRA,Cerrado,-4.9846,-45.17582,146.5
2026/09/05 19:00:00,BACABAL,Cerrado,-4.24712,-44.60117,66.8
2026/09/05 19:00:00,JENIPAPO DOS VIEIRAS,Cerrado,-5.55042,-45.63984,13.9
2026/09/05 19:00:00,FORMOSA DA SERRA NEGRA,Cerrado,-6.76514,-46.45032,27.9
2026/09/05 19:00:00,SAMBAÍBA,Cerrado,-7.35255,-45.4758,9.3
2026/09/05 19:00:00,FORMOSA DA SERRA NEGRA,Cerrado,-6.41356,-45.9034,130.5
2026/09/05 19:00:00,TASSO FRAGOSO,Cerrado,-8.15436,-45.61472,14.9
2026/09/05 19:00:00,ALTO ALEGRE DO PINDARÉ,Amazônia,-4.31015,-46.24911,31.3
2026/09/05 19:00:00,SÃO RAIMUNDO DAS MANGABEIRAS,Cerrado,-7.00791,-45.70259,8.2
2026/09/05 19:00:00,CAROLINA,Cerrado,-7.15402,-46.92563,7.8
2026/09/05 19:00:00,LAGO DA PEDRA,Cerrado,-4.97776,-45.17017,67.2
2026/09/05 19:00:00,RIACHÃO,Cerrado,-7.67704,-46.71701,16.1
2026/09/05 19:00:00,LORETO,Cerrado,-7.36505,-45.2921,12.4
2026/09/05 19:00:00,BALSAS,Cerrado,-7.66905,-46.06346,13.2
2026/09/05 19:00:00,RIACHÃO,Cerrado,-7.6678,-46.71846,17.5
2026/09/05 19:00:00,BACABAL,Cerrado,-4.24751,-44.61079,87.2
2026/09/05 19:00:00,NOVA COLINAS,Cerrado,-7.17784,-46.22177,11.3
2026/09/05 19:00:00,ITINGA DO MARANHÃO,Amazônia,-4.01684,-46.95638,12.0
2026/09/05 19:00:00,PASTOS BONS,Cerrado,-6.68202,-44.32294,30.1
2026/09/05 19:00:00,HUMBERTO DE CAMPOS,Cerrado,-2.9085,-43.56481,52.0
2026/09/05 19:00:00,PASTOS BONS,Cerrado,-6.68428,-44.33749,36.6
2026/09/05 19:00:00,SÃO DOMINGOS DO MARANHÃO,Cerrado,-5.52254,-44.35537,37.1
2026/09/05 19:00:00,GRAJAÚ,Cerrado,-5.58362,-45.72041,36.0
2026/09/05 19:00:00,BACABAL,Cerrado,-4.24512,-44.59576,29.8
2026/09/05 19:00:00,FORMOSA DA SERRA NEGRA,Cerrado,-6.76353,-46.43992,20.7
2026/09/05 19:00:00,LAGO DA PEDRA,Cerrado,-4.9718,-45.1815,171.8
2026/09/05 19:00:00,HUMBERTO DE CAMPOS,Cerrado,-2.9124,-43.5702,60.5
2026/09/05 19:00:00,FORMOSA DA SERRA NEGRA,Cerrado,-6.5327,-46.1291,52.0
2026/09/05 19:10:00,LAGO DA PEDRA,Cerrado,-4.9904,-45.1803,58.7
2026/09/05 19:20:00,LAGO DA PEDRA,Cerrado,-4.9718,-45.1815,59.0
2026/09/05 19:20:00,FORMOSA DA SERRA NEGRA,Cerrado,-6.7729,-46.4448,63.8
2026/09/05 19:30:00,MONTES ALTOS,Cerrado,-5.8335,-47.0446,65.2
2026/09/05 19:30:00,FORMOSA DA SERRA NEGRA,Cerrado,-6.7729,-46.4448,67.6
2026/09/05 19:30:00,LAGO DA PEDRA,Cerrado,-4.9718,-45.1815,197.5
2026/09/05 19:40:00,BALSAS,Cerrado,-7.6767,-46.0546,83.6
2026/09/05 19:40:00,LAGO DA PEDRA,Cerrado,-4.9904,-45.1803,63.1
2026/09/05 19:40:00,FORMOSA DA SERRA NEGRA,Cerrado,-6.7542,-46.4463,75.3
2026/09/05 19:40:00,LAGO DA PEDRA,Cerrado,-4.9718,-45.1815,171.3
2026/09/05 19:50:00,FORMOSA DA SERRA NEGRA,Cerrado,-6.7542,-46.4463,68.7
2026/09/05 19:50:00,SÃO DOMINGOS DO MARANHÃO,Cerrado,-5.5015,-44.3497,60.1
2026/09/05 20:00:00,SÃO DOMINGOS DO MARANHÃO,Cerrado,-5.5771,-44.2525,95.5
2026/09/05 20:00:00,BARRA DO CORDA,Cerrado,-5.2707,-45.1399,58.8
2026/09/05 20:00:00,SÃO DOMINGOS DO MARANHÃO,Cerrado,-5.5773,-44.2295,98.1
2026/09/05 20:00:00,SÃO DOMINGOS DO MARANHÃO,Cerrado,-5.5584,-44.2539,79.9
2026/09/05 20:00:00,SÃO DOMINGOS DO MARANHÃO,Cerrado,-5.5015,-44.3497,105.7
2026/09/05 20:00:00,BARRA DO CORDA,Cerrado,-5.2894,-45.1387,494.1
2026/09/05 20:00:00,BARRA DO CORDA,Cerrado,-5.2896,-45.116,145.1
2026/09/05 20:00:00,BARRA DO CORDA,Cerrado,-5.3081,-45.1375,84.3
2026/09/05 20:00:00,BARRA DO CORDA,Cerrado,-5.2892,-45.1613,114.0
2026/09/05 20:10:00,SÃO DOMINGOS DO MARANHÃO,Cerrado,-5.5397,-44.2552,65.2
2026/09/05 20:10:00,BARRA DO CORDA,Cerrado,-5.2894,-45.1387,242.0
2026/09/05 20:10:00,MONTES ALTOS,Cerrado,-5.8335,-47.0446,81.7
2026/09/05 20:10:00,SÃO DOMINGOS DO MARANHÃO,Cerrado,-5.5773,-44.2295,107.1
2026/09/05 20:10:00,SÃO DOMINGOS DO MARANHÃO,Cerrado,-5.5771,-44.2525,115.0
2026/09/05 20:10:00,MATÕES,Cerrado,-5.3384,-43.716,85.2
2026/09/05 20:10:00,SÃO DOMINGOS DO MARANHÃO,Cerrado,-5.5584,-44.2539,76.3
2026/09/05 20:10:00,BARRA DO CORDA,Cerrado,-5.2896,-45.116,107.7
2026/09/05 20:15:00,BARRA DO CORDA,Cerrado,-5.3,-45.13,
2026/09/05 20:15:00,BARRA DO CORDA,Cerrado,-5.27,-45.13,
2026/09/05 20:20:00,SÃO DOMINGOS DO MARANHÃO,Cerrado,-5.4829,-44.3281,115.7
2026/09/05 20:20:00,SÃO DOMINGOS DO MARANHÃO,Cerrado,-5.5773,-44.2295,85.6
2026/09/05 20:20:00,SÃO DOMINGOS DO MARANHÃO,Cerrado,-5.464,-44.3523,88.9
2026/09/05 20:20:00,LAGOA GRANDE DO MARANHÃO,Cerrado,-4.9696,-45.4749,109.2
2026/09/05 20:20:00,SÃO DOMINGOS DO MARANHÃO,Cerrado,-5.5771,-44.2525,91.7
2026/09/05 20:20:00,SÃO DOMINGOS DO MARANHÃO,Cerrado,-5.5584,-44.2539,65.9
2026/09/05 20:20:00,SÃO DOMINGOS DO MARANHÃO,Cerrado,-5.4827,-44.351,129.5
2026/09/05 20:20:00,MONTES ALTOS,Cerrado,-5.8335,-47.0446,77.1
2026/09/05 20:20:00,LAGOA GRANDE DO MARANHÃO,Cerrado,-4.9882,-45.4737,98.1
2026/09/05 20:20:00,SÃO DOMINGOS DO MARANHÃO,Cerrado,-5.4642,-44.3294,80.7
2026/09/05 20:20:00,BARRA DO CORDA,Cerrado,-5.2894,-45.1387,116.8
2026/09/05 20:20:00,FORMOSA DA SERRA NEGRA,Cerrado,-6.2909,-45.991,117.5
2026/09/05 20:20:00,SÃO DOMINGOS DO MARANHÃO,Cerrado,-5.5397,-44.2552,88.5
2026/09/05 20:30:00,MONTES ALTOS,Cerrado,-5.8335,-47.0446,179.9
2026/09/05 20:30:00,LAGOA GRANDE DO MARANHÃO,Cerrado,-4.9882,-45.4737,169.4
2026/09/05 20:30:00,MONTES ALTOS,Cerrado,-5.8337,-47.0226,102.3
2026/09/05 20:30:00,SÃO DOMINGOS DO MARANHÃO,Cerrado,-5.4829,-44.3281,88.2
2026/09/05 20:30:00,SÃO DOMINGOS DO MARANHÃO,Cerrado,-5.5584,-44.2539,83.7
2026/09/05 20:30:00,SÃO DOMINGOS DO MARANHÃO,Cerrado,-5.4827,-44.351,88.7
2026/09/05 20:30:00,BARRA DO CORDA,Cerrado,-5.2894,-45.1387,85.2
2026/09/05 20:30:00,RIACHÃO,Cerrado,-7.3661,-47.0173,100.4
2026/09/05 20:30:00,SÃO DOMINGOS DO MARANHÃO,Cerrado,-5.4642,-44.3294,77.9
2026/09/05 20:30:00,FORMOSA DA SERRA NEGRA,Cerrado,-6.2909,-45.991,73.3
2026/09/05 20:30:00,SÃO DOMINGOS DO MARANHÃO,Cerrado,-5.6512,-44.339,123.7
2026/09/05 20:30:00,SÃO DOMINGOS DO MARANHÃO,Cerrado,-5.464,-44.3523,80.4
2026/09/05 20:40:00,SÃO DOMINGOS DO MARANHÃO,Cerrado,-5.4827,-44.351,78.2
2026/09/05 20:40:00,RIACHÃO,Cerrado,-7.3661,-47.0173,90.9
2026/09/05 20:40:00,SÃO DOMINGOS DO MARANHÃO,Cerrado,-5.5397,-44.2552,84.0
2026/09/05 20:40:00,PARNARAMA,Cerrado,-5.7357,-43.2682,77.0
2026/09/05 20:40:00,SÃO DOMINGOS DO MARANHÃO,Cerrado,-5.4829,-44.3281,77.1
2026/09/05 20:40:00,SANTA LUZIA,Amazônia,-4.4434,-46.1314,71.4
2026/09/05 20:50:00,FORTUNA,Cerrado,-5.7471,-44.0791,135.9
2026/09/05 20:50:00,SÃO DOMINGOS DO MARANHÃO,Cerrado,-5.651,-44.362,132.9
2026/09/05 20:50:00,SANTA LUZIA,Amazônia,-4.462,-46.1305,100.5
2026/09/05 20:50:00,FORTUNA,Cerrado,-5.7656,-44.1007,117.5
2026/09/05 20:50:00,FORTUNA,Cerrado,-5.7658,-44.0777,257.2
2026/09/05 20:50:00,PARNARAMA,Cerrado,-5.7357,-43.2682,88.5
2026/09/05 20:50:00,RIACHÃO,Cerrado,-7.3661,-47.0173,116.5
2026/09/05 20:50:00,SÃO DOMINGOS DO MARANHÃO,Cerrado,-5.6323,-44.3633,150.6
2026/09/05 21:00:00,SANTA LUZIA,Amazônia,-4.4434,-46.1314,108.5
2026/09/05 21:00:00,SANTA LUZIA,Amazônia,-4.462,-46.1305,72.3
2026/09/05 21:15:00,SÃO DOMINGOS DO MARANHÃO,Cerrado,-5.64,-44.39,
2026/09/05 21:30:00,PARNARAMA,Cerrado,-5.7357,-43.2682,63.1
2026/09/05 21:40:00,SÃO DOMINGOS DO MARANHÃO,Cerrado,-5.651,-44.362,109.3
2026/09/05 21:40:00,GOVERNADOR LUIZ ROCHA,Cerrado,-5.5042,-44.0277,121.0
2026/09/05 21:40:00,SÃO DOMINGOS DO MARANHÃO,Cerrado,-5.5566,-44.4604,87.3
2026/09/05 21:40:00,TUNTUM,Cerrado,-5.7237,-44.6084,95.1
2026/09/05 21:40:00,TUNTUM,Cerrado,-5.7239,-44.5856,92.6
2026/09/05 21:40:00,SANTA LUZIA,Amazônia,-4.462,-46.1305,172.7
2026/09/05 21:40:00,ALDEIAS ALTAS,Cerrado,-4.554,-43.605,57.7
2026/09/05 21:40:00,SANTA LUZIA,Amazônia,-4.4434,-46.1314,166.5
2026/09/05 21:40:00,SÃO DOMINGOS DO MARANHÃO,Cerrado,-5.6323,-44.3633,117.1
2026/09/05 21:40:00,SANTA FILOMENA DO MARANHÃO,Cerrado,-5.5564,-44.4833,128.5
2026/09/05 21:40:00,GRAJAÚ,Cerrado,-5.94,-45.5228,53.7
2026/09/05 21:50:00,SÃO DOMINGOS DO MARANHÃO,Cerrado,-5.651,-44.362,92.1
2026/09/05 21:50:00,BARRA DO CORDA,Cerrado,-5.4193,-45.2432,63.8
2026/09/05 21:50:00,CAXIAS,Cerrado,-4.4466,-42.9358,89.4
2026/09/05 21:50:00,RIACHÃO,Cerrado,-7.3661,-47.0173,112.1
2026/09/05 21:50:00,CAXIAS,Cerrado,-4.4655,-42.9112,89.8
2026/09/05 21:50:00,GRAJAÚ,Cerrado,-5.9215,-45.5016,63.8
2026/09/05 21:50:00,TUNTUM,Cerrado,-5.7239,-44.5856,111.5
2026/09/05 21:50:00,SANTA FILOMENA DO MARANHÃO,Cerrado,-5.5564,-44.4833,94.7
2026/09/05 21:50:00,CAXIAS,Cerrado,-4.4281,-42.9134,69.9
2026/09/05 21:50:00,CAXIAS,Cerrado,-4.4468,-42.9123,303.6
2026/09/05 21:50:00,POÇÃO DE PEDRAS,Cerrado,-4.8978,-45.0955,63.0
2026/09/05 21:50:00,SANTA LUZIA,Amazônia,-4.4619,-46.1527,58.9
2026/09/05 21:50:00,SÃO DOMINGOS DO MARANHÃO,Cerrado,-5.6323,-44.3633,96.4
2026/09/05 21:50:00,SANTA LUZIA,Amazônia,-4.462,-46.1305,124.0
2026/09/05 21:50:00,SANTA LUZIA,Amazônia,-4.4434,-46.1314,96.6
2026/09/05 21:50:00,GOVERNADOR LUIZ ROCHA,Cerrado,-5.5044,-44.0046,162.1
2026/09/05 21:50:00,GOVERNADOR LUIZ ROCHA,Cerrado,-5.5042,-44.0277,315.8
2026/09/05 21:50:00,CAXIAS,Cerrado,-4.447,-42.8889,59.5
2026/09/05 21:50:00,TUNTUM,Cerrado,-5.7237,-44.6084,112.5
2026/09/05 21:50:00,GRAJAÚ,Cerrado,-5.9213,-45.5242,85.6
2026/09/05 22:00:00,SANTA LUZIA,Amazônia,-4.462,-46.1305,92.8
2026/09/05 22:00:00,GOVERNADOR LUIZ ROCHA,Cerrado,-5.5042,-44.0277,449.1
2026/09/05 22:00:00,POÇÃO DE PEDRAS,Cerrado,-4.8978,-45.0955,83.5
2026/09/05 22:00:00,SANTA FILOMENA DO MARANHÃO,Cerrado,-5.5564,-44.4833,68.0
2026/09/05 22:00:00,SÃO DOMINGOS DO MARANHÃO,Cerrado,-5.6323,-44.3633,71.2
2026/09/05 22:00:00,GOVERNADOR LUIZ ROCHA,Cerrado,-5.4855,-44.029,108.2
2026/09/05 22:00:00,GRAJAÚ,Cerrado,-5.9213,-45.5242,58.2
2026/09/05 22:00:00,GOVERNADOR LUIZ ROCHA,Cerrado,-5.5044,-44.0046,145.3
2026/09/05 22:00:00,RIACHÃO,Cerrado,-7.3661,-47.0173,86.2
2026/09/05 22:00:00,SANTA LUZIA,Amazônia,-4.4434,-46.1314,77.1
2026/09/05 22:00:00,GRAJAÚ,Cerrado,-5.8591,-46.2232,84.8
2026/09/05 22:10:00,RIACHÃO,Cerrado,-7.3661,-47.0173,80.5
2026/09/05 22:10:00,GOVERNADOR LUIZ ROCHA,Cerrado,-5.504,-44.0507,75.3
2026/09/05 22:10:00,GRAJAÚ,Cerrado,-5.8591,-46.2232,76.7
2026/09/05 22:10:00,POÇÃO DE PEDRAS,Cerrado,-4.8978,-45.0955,82.8
2026/09/05 22:10:00,GOVERNADOR LUIZ ROCHA,Cerrado,-5.5044,-44.0046,164.1
2026/09/05 22:10:00,GOVERNADOR LUIZ ROCHA,Cerrado,-5.5229,-44.0263,98.9
2026/09/05 22:10:00,GRAJAÚ,Cerrado,-5.8778,-46.2219,85.3
2026/09/05 22:10:00,GOVERNADOR LUIZ ROCHA,Cerrado,-5.5042,-44.0277,516.2
2026/09/05 22:10:00,SANTA LUZIA,Amazônia,-4.462,-46.1305,74.1
2026/09/05 22:10:00,SANTA LUZIA,Amazônia,-4.4434,-46.1314,53.8
2026/09/05 22:15:00,GOVERNADOR LUIZ ROCHA,Cerrado,-5.52,-44.05,
2026/09/05 22:15:00,GOVERNADOR LUIZ ROCHA,Cerrado,-5.52,-44.01,
2026/09/05 22:20:00,GRAJAÚ,Cerrado,-5.8778,-46.2219,62.8
2026/09/05 22:20:00,TUNTUM,Cerrado,-5.6872,-44.4968,71.0
2026/09/05 22:20:00,GRAJAÚ,Cerrado,-5.8591,-46.2232,71.8
2026/09/05 22:20:00,GOVERNADOR LUIZ ROCHA,Cerrado,-5.5044,-44.0046,194.3
2026/09/05 22:20:00,GOVERNADOR LUIZ ROCHA,Cerrado,-5.5229,-44.0263,75.8
2026/09/05 22:20:00,GOVERNADOR LUIZ ROCHA,Cerrado,-5.5042,-44.0277,443.1
2026/09/05 22:20:00,SANTA LUZIA,Amazônia,-4.462,-46.1305,71.4
2026/09/05 22:20:00,RIACHÃO,Cerrado,-7.3661,-47.0173,84.0
2026/09/05 22:20:00,GOVERNADOR LUIZ ROCHA,Cerrado,-5.504,-44.0507,83.7
2026/09/05 22:20:00,POÇÃO DE PEDRAS,Cerrado,-4.8978,-45.0955,94.2
2026/09/05 22:30:00,GOVERNADOR LUIZ ROCHA,Cerrado,-5.5042,-44.0277,326.9
2026/09/05 22:30:00,RIACHÃO,Cerrado,-7.3661,-47.0173,79.4
2026/09/05 22:30:00,TUNTUM,Cerrado,-5.6872,-44.4968,71.7
2026/09/05 22:30:00,GOVERNADOR LUIZ ROCHA,Cerrado,-5.5229,-44.0263,80.5
2026/09/05 22:30:00,SANTA LUZIA,Amazônia,-4.462,-46.1305,71.3
2026/09/05 22:30:00,GOVERNADOR LUIZ ROCHA,Cerrado,-5.5044,-44.0046,154.7
2026/09/05 22:30:00,POÇÃO DE PEDRAS,Cerrado,-4.8978,-45.0955,101.8
2026/09/05 22:40:00,GRAJAÚ,Cerrado,-5.8591,-46.2232,52.7
2026/09/05 22:40:00,RIACHÃO,Cerrado,-7.3661,-47.0173,73.5
2026/09/05 22:40:00,GOVERNADOR LUIZ ROCHA,Cerrado,-5.5042,-44.0277,246.8
2026/09/05 22:40:00,POÇÃO DE PEDRAS,Cerrado,-4.8978,-45.0955,76.3
2026/09/05 22:40:00,GOVERNADOR LUIZ ROCHA,Cerrado,-5.5044,-44.0046,111.2
2026/09/05 22:50:00,GOVERNADOR LUIZ ROCHA,Cerrado,-5.5229,-44.0263,70.5
2026/09/05 22:50:00,SANTA LUZIA,Amazônia,-4.4434,-46.1314,53.0
2026/09/05 22:50:00,ALDEIAS ALTAS,Cerrado,-4.6667,-43.5285,137.0
2026/09/05 22:50:00,ALDEIAS ALTAS,Cerrado,-4.6668,-43.5053,220.7
2026/09/05 22:50:00,CAXIAS,Cerrado,-4.6855,-43.5042,67.0
2026/09/05 22:50:00,GOVERNADOR LUIZ ROCHA,Cerrado,-5.5042,-44.0277,189.4
2026/09/05 22:50:00,GOVERNADOR LUIZ ROCHA,Cerrado,-5.5044,-44.0046,90.1
2026/09/05 22:50:00,POÇÃO DE PEDRAS,Cerrado,-4.8978,-45.0955,84.8
2026/09/05 23:00:00,GOVERNADOR LUIZ ROCHA,Cerrado,-5.5042,-44.0277,194.8
2026/09/05 23:00:00,POÇÃO DE PEDRAS,Cerrado,-4.8978,-45.0955,59.0
2026/09/05 23:00:00,SANTA LUZIA,Amazônia,-4.462,-46.1305,56.6
2026/09/05 23:00:00,GOVERNADOR LUIZ ROCHA,Cerrado,-5.5044,-44.0046,91.6
2026/09/05 23:10:00,GOVERNADOR LUIZ ROCHA,Cerrado,-5.5229,-44.0263,66.8
2026/09/05 23:10:00,POÇÃO DE PEDRAS,Cerrado,-4.8978,-45.0955,64.0
2026/09/05 23:10:00,GOVERNADOR LUIZ ROCHA,Cerrado,-5.5042,-44.0277,169.5
2026/09/05 23:20:00,SANTA LUZIA,Amazônia,-4.462,-46.1305,73.7
2026/09/05 23:20:00,TUNTUM,Cerrado,-5.8909,-44.7331,117.0
2026/09/05 23:20:00,GOVERNADOR LUIZ ROCHA,Cerrado,-5.5042,-44.0277,134.9
2026/09/05 23:20:00,GOVERNADOR LUIZ ROCHA,Cerrado,-5.5044,-44.0046,61.7
2026/09/05 23:30:00,TUNTUM,Cerrado,-5.8909,-44.7331,99.8
2026/09/05 23:30:00,GOVERNADOR LUIZ ROCHA,Cerrado,-5.5042,-44.0277,159.7
2026/09/05 23:40:00,GOVERNADOR LUIZ ROCHA,Cerrado,-5.5042,-44.0277,140.8
2026/09/05 23:40:00,TUNTUM,Cerrado,-5.8909,-44.7331,63.0
2026/09/05 23:40:00,GOVERNADOR LUIZ ROCHA,Cerrado,-5.5229,-44.0263,66.0
2026/09/05 23:40:00,GOVERNADOR LUIZ ROCHA,Cerrado,-5.5044,-44.0046,64.4
2026/09/05 23:44:00,BALSAS,Cerrado,-7.669600009918213,-46.0432014465332,
2026/09/05 23:44:00,GOVERNADOR LUIZ ROCHA,Cerrado,-5.508500099182129,-44.01440048217773,
2026/09/05 23:44:00,SÃO DOMINGOS DO MARANHÃO,Cerrado,-5.539899826049805,-44.24489974975586,
2026/09/05 23:44:00,SANTA LUZIA,Amazônia,-4.448299884796143,-46.12360000610352,
2026/09/05 23:44:00,SANTA LUZIA,Amazônia,-4.141300201416016,-45.62630081176758,
2026/09/05 23:44:00,GRAJAÚ,Cerrado,-5.927299976348877,-45.51219940185547,
2026/09/05 23:44:00,GOVERNADOR LUIZ ROCHA,Cerrado,-5.498700141906738,-44.0166015625,
2026/09/05 23:44:00,GOVERNADOR LUIZ ROCHA,Cerrado,-5.511600017547607,-44.028099060058594,
2026/09/05 23:44:00,GOVERNADOR LUIZ ROCHA,Cerrado,-5.510000228881836,-44.02119827270508,
2026/09/05 23:44:00,GRAJAÚ,Cerrado,-5.868199825286865,-46.21770095825195,
2026/09/05 23:44:00,POÇÃO DE PEDRAS,Cerrado,-4.896999835968018,-45.09460067749024,
2026/09/05 23:44:00,POÇÃO DE PEDRAS,Cerrado,-4.895400047302246,-45.08769989013672,
2026/09/05 23:44:00,SANTA LUZIA,Amazônia,-4.7307000160217285,-46.19039916992188,
2026/09/05 23:44:00,RIACHÃO,Cerrado,-7.3668999671936035,-47.005001068115234,
2026/09/05 23:44:00,SUCUPIRA DO RIACHÃO,Cerrado,-6.327000141143799,-43.352298736572266,
2026/09/05 23:44:00,GRAJAÚ,Cerrado,-5.866600036621094,-46.21030044555664,
2026/09/05 23:44:00,ITAPECURU MIRIM,Cerrado,-3.414799928665161,-44.32400131225586,
2026/09/05 23:44:00,SANTA LUZIA,Amazônia,-4.449900150299072,-46.13079833984375,
2026/09/05 23:44:00,SÃO DOMINGOS DO MARANHÃO,Cerrado,-5.637899875640869,-44.35969924926758,
2026/09/05 23:44:00,SUCUPIRA DO RIACHÃO,Cerrado,-6.325399875640869,-43.345401763916016,
2026/09/05 23:44:00,RIACHÃO,Cerrado,-7.36870002746582,-47.013301849365234,
2026/09/05 23:44:00,BARRA DO CORDA,Cerrado,-5.286300182342529,-45.13159942626953,
2026/09/05 23:44:00,GOVERNADOR LUIZ ROCHA,Cerrado,-5.500199794769287,-44.023399353027344,
2026/09/05 23:44:00,ITAPECURU MIRIM,Cerrado,-3.4131999015808105,-44.31710052490234,
2026/09/05 23:44:00,PARNARAMA,Cerrado,-5.742000102996826,-43.27220153808594,
2026/09/05 23:44:00,GOVERNADOR LUIZ ROCHA,Cerrado,-5.501800060272217,-44.03030014038086,
2026/09/05 23:44:00,TUNTUM,Cerrado,-5.8958001136779785,-44.72769927978516,
2026/09/05 23:44:00,TUNTUM,Cerrado,-5.696599960327148,-44.4833984375,
2026/09/05 23:44:00,CENTRO DO GUILHERME,Amazônia,-2.281899929046631,-46.10369873046875,
2026/09/05 23:44:00,NOVA IORQUE,Cerrado,-6.702099800109863,-44.10010147094727,
2026/09/05 23:44:00,MATÕES DO NORTE,Cerrado,-3.784899950027466,-44.45700073242188,
2026/09/05 23:44:00,POÇÃO DE PEDRAS,Cerrado,-4.898499965667725,-45.10150146484375,
2026/09/05 23:44:00,TUNTUM,Cerrado,-5.894299983978272,-44.72079849243164,
2026/09/05 23:44:00,RIACHÃO,Cerrado,-7.370500087738037,-47.02159881591797,
2026/09/05 23:44:00,CENTRO DO GUILHERME,Amazônia,-2.283499956130981,-46.11069869995117,
2026/09/05 23:44:00,BARRA DO CORDA,Cerrado,-5.287899971008301,-45.13850021362305,
2026/09/05 23:44:00,BACABAL,Cerrado,-4.247900009155273,-44.5906982421875,
2026/09/05 23:44:00,CENTRO DO GUILHERME,Amazônia,-2.2850000858306885,-46.1176986694336,
2026/09/05 23:44:00,BREJO,Cerrado,-3.601799964904785,-42.97050094604492,
2026/09/05 23:44:00,BACABAL,Cerrado,-4.2494001388549805,-44.59749984741211,
2026/09/05 23:44:00,TUNTUM,Cerrado,-5.89739990234375,-44.73460006713867,
2026/09/05 23:44:00,PARNARAMA,Cerrado,-5.7403998374938965,-43.26520156860352,
2026/09/05 23:44:00,PARNARAMA,Cerrado,-5.732200145721436,-43.27439880371094,
2026/09/05 23:44:00,BREJO,Cerrado,-3.600100040435791,-42.96319961547852,
2026/09/05 23:44:00,TUNTUM,Cerrado,-5.698200225830078,-44.49020004272461,
2026/09/05 23:44:00,SANTA LUZIA,Amazônia,-4.139699935913086,-45.61930084228516,
2026/09/05 23:44:00,SANTA LUZIA,Amazônia,-4.451499938964844,-46.13800048828125,
2026/09/05 23:44:00,SÃO DOMINGOS DO MARANHÃO,Cerrado,-5.639400005340576,-44.36650085449219,
2026/09/05 23:50:00,GOVERNADOR LUIZ ROCHA,Cerrado,-5.5042,-44.0277,235.2
2026/09/05 23:50:00,GOVERNADOR LUIZ ROCHA,Cerrado,-5.5044,-44.0046,66.5
2026/09/06 00:00:00,GOVERNADOR LUIZ ROCHA,Cerrado,-5.5042,-44.0277,128.9
2026/09/06 00:10:00,CAMPESTRE DO MARANHÃO,Cerrado,-6.0923,-47.3129,74.0
2026/09/06 00:10:00,GOVERNADOR LUIZ ROCHA,Cerrado,-5.5042,-44.0277,70.6
2026/09/06 00:12:00,SUCUPIRA DO RIACHÃO,Cerrado,-6.333899974822998,-43.35260009765625,
2026/09/06 00:12:00,PARNARAMA,Cerrado,-5.738800048828125,-43.27019882202149,
2026/09/06 00:12:00,BALSAS,Cerrado,-7.670000076293945,-46.05160140991211,
2026/09/06 00:12:00,POÇÃO DE PEDRAS,Cerrado,-4.894899845123291,-45.10089874267578,
2026/09/06 00:12:00,CENTRO DO GUILHERME,Amazônia,-2.287300109863281,-46.12379837036133,
2026/09/06 00:12:00,NOVA IORQUE,Cerrado,-6.706799983978272,-44.09930038452149,
2026/09/06 00:12:00,SANTA LUZIA,Amazônia,-4.446599960327148,-46.128299713134766,
2026/09/06 00:12:00,SANTA LUZIA,Amazônia,-4.450799942016602,-46.147098541259766,
2026/09/06 00:12:00,POÇÃO DE PEDRAS,Cerrado,-4.904699802398682,-45.09870147705078,
2026/09/06 00:12:00,GRAJAÚ,Cerrado,-5.863999843597412,-46.22700119018555,
2026/09/06 00:12:00,BACABAL,Cerrado,-4.247000217437744,-44.59799957275391,
2026/09/06 00:12:00,BREJO,Cerrado,-3.601999998092652,-42.980899810791016,
2026/09/06 00:12:00,CENTRO DO GUILHERME,Amazônia,-2.2853000164031982,-46.11489868164063,
2026/09/06 00:12:00,TUNTUM,Cerrado,-5.695099830627441,-44.49599838256836,
2026/09/06 00:12:00,BURITI,Cerrado,-3.852099895477295,-42.94710159301758,
2026/09/06 00:12:00,SÃO DOMINGOS DO MARANHÃO,Cerrado,-5.635499954223633,-44.3672981262207,
2026/09/06 00:12:00,BREJO,Cerrado,-3.600399971008301,-42.9739990234375,
2026/09/06 00:12:00,TUNTUM,Cerrado,-5.894199848175049,-44.742801666259766,
2026/09/06 00:12:00,SANTA LUZIA,Amazônia,-4.140699863433838,-45.63410186767578,
2026/09/06 00:12:00,SANTA LUZIA,Amazônia,-4.138700008392334,-45.625301361083984,
2026/09/06 00:12:00,TUNTUM,Cerrado,-5.892399787902832,-44.734500885009766,
2026/09/06 00:12:00,GOVERNADOR LUIZ ROCHA,Cerrado,-5.508200168609619,-44.02899932861328,
2026/09/06 00:12:00,POÇÃO DE PEDRAS,Cerrado,-4.89300012588501,-45.09249877929688,
2026/09/06 00:12:00,GOVERNADOR LUIZ ROCHA,Cerrado,-5.506400108337402,-44.02130126953125,
2026/09/06 00:12:00,BACABAL,Cerrado,-4.248799800872803,-44.60580062866211,
2026/09/06 00:12:00,TUNTUM,Cerrado,-5.890500068664551,-44.726200103759766,
2026/09/06 00:12:00,SÃO DOMINGOS DO MARANHÃO,Cerrado,-5.637199878692627,-44.37519836425781,
2026/09/06 00:12:00,TUNTUM,Cerrado,-5.693399906158447,-44.48799896240234,
2026/09/06 00:12:00,SANTA LUZIA,Amazônia,-4.728700160980225,-46.1963005065918,
2026/09/06 00:12:00,PARNARAMA,Cerrado,-5.7403998374938965,-43.27740097045898,
2026/09/06 00:12:00,NOVA IORQUE,Cerrado,-6.708600044250488,-44.107200622558594,
2026/09/06 00:12:00,BREJO,Cerrado,-3.598900079727173,-42.967098236083984,
2026/09/06 00:12:00,SANTA LUZIA,Amazônia,-4.448699951171875,-46.13769912719727,
2026/09/06 00:12:00,PARNARAMA,Cerrado,-5.742000102996826,-43.28459930419922,
2026/09/06 00:12:00,GOVERNADOR LUIZ ROCHA,Cerrado,-5.4984002113342285,-44.03110122680664,
2026/09/06 00:12:00,GOVERNADOR LUIZ ROCHA,Cerrado,-5.496600151062012,-44.023399353027344,
2026/09/06 00:12:00,CAROLINA,Cerrado,-7.3694000244140625,-47.0259017944336,
2026/09/06 00:12:00,RIACHÃO,Cerrado,-7.366799831390381,-47.01409912109375,
2026/09/06 00:20:00,GOVERNADOR LUIZ ROCHA,Cerrado,-5.5042,-44.0277,60.4
2026/09/06 00:20:00,CAMPESTRE DO MARANHÃO,Cerrado,-6.0737,-47.3142,34.9
2026/09/06 00:20:00,CAMPESTRE DO MARANHÃO,Cerrado,-6.0923,-47.3129,90.7
2026/09/06 00:20:00,CAMPESTRE DO MARANHÃO,Cerrado,-6.0925,-47.291,51.8
2026/09/06 00:24:00,CAMPESTRE DO MARANHÃO,Cerrado,-6.09314,-47.32874,71.7
2026/09/06 00:24:00,CAROLINA,Cerrado,-7.37716,-47.03075,33.4
2026/09/06 00:24:00,SANTA LUZIA,Amazônia,-4.46028,-46.15013,59.1
2026/09/06 00:24:00,CAROLINA,Cerrado,-7.3759,-47.03654,24.3
2026/09/06 00:24:00,SANTA LUZIA,Amazônia,-4.45408,-46.15797,40.5
2026/09/06 00:24:00,CAMPESTRE DO MARANHÃO,Cerrado,-6.0889,-47.30179,132.3
2026/09/06 00:24:00,CAMPESTRE DO MARANHÃO,Cerrado,-6.08785,-47.30854,134.4
2026/09/06 00:24:00,RIACHÃO,Cerrado,-7.37171,-47.0098,26.1
2026/09/06 00:24:00,SANTA LUZIA,Amazônia,-4.4487,-46.12167,39.3
2026/09/06 01:50:00,CAMPESTRE DO MARANHÃO,Cerrado,-6.1116,-47.2457,82.8
2026/09/06 01:50:00,LAJEADO NOVO,Cerrado,-6.1118,-47.2237,160.7
2026/09/06 01:50:00,CAMPESTRE DO MARANHÃO,Cerrado,-6.1302,-47.2444,59.3
2026/09/06 01:50:00,CAMPESTRE DO MARANHÃO,Cerrado,-6.1304,-47.2224,111.1
2026/09/06 02:20:00,LAJEADO NOVO,Cerrado,-6.1118,-47.2237,84.6
2026/09/06 02:20:00,CAMPESTRE DO MARANHÃO,Cerrado,-6.1116,-47.2457,46.5
2026/09/06 03:40:00,BURITI,Cerrado,-3.85514,-42.94512,1.9
2026/09/06 03:42:00,SUCUPIRA DO RIACHÃO,Cerrado,-6.33271,-43.35307,3.0
2026/09/06 03:42:00,PARNARAMA,Cerrado,-5.73712,-43.27777,4.3
2026/09/06 03:42:00,PARNARAMA,Cerrado,-5.74325,-43.27904,4.3
2026/09/06 04:00:00,BACABAL,Cerrado,-4.23894,-44.61008,0.8
2026/09/06 04:00:00,BREJO,Cerrado,-3.60069,-42.97377,1.7
2026/09/06 04:00:00,TUNTUM,Cerrado,-5.69802,-44.49119,1.7
2026/09/06 04:00:00,SÃO DOMINGOS DO MARANHÃO,Cerrado,-5.54582,-44.25339,0.8
2026/09/06 04:00:00,SANTA LUZIA,Amazônia,-4.45675,-46.13941,6.5
2026/09/06 04:00:00,SÃO DOMINGOS DO MARANHÃO,Cerrado,-5.63484,-44.36716,1.3
2026/09/06 04:00:00,DOM PEDRO,Cerrado,-5.04345,-44.46611,1.2
2026/09/06 04:00:00,BARRA DO CORDA,Cerrado,-5.28896,-45.14149,1.8
2026/09/06 04:00:00,TUNTUM,Cerrado,-5.89229,-44.73332,1.3
2026/09/06 04:00:00,SANTA LUZIA,Amazônia,-4.14173,-45.63251,1.4
2026/09/06 04:00:00,SÃO DOMINGOS DO MARANHÃO,Cerrado,-5.63913,-44.36787,1.3
2026/09/06 04:00:00,GRAJAÚ,Cerrado,-5.86295,-46.22291,1.5
2026/09/06 04:00:00,GRAJAÚ,Cerrado,-5.86509,-46.2218,1.8
2026/09/06 04:00:00,DOM PEDRO,Cerrado,-5.03908,-44.46542,1.2
2026/09/06 04:00:00,SÃO DOMINGOS DO MARANHÃO,Cerrado,-5.63654,-44.36815,2.1
2026/09/06 04:00:00,GOVERNADOR LUIZ ROCHA,Cerrado,-5.50246,-44.02522,1.0
2026/09/06 04:00:00,COROATÁ,Cerrado,-3.8541,-44.05152,0.8
2026/09/06 04:00:00,SANTA LUZIA,Amazônia,-4.45577,-46.13725,12.0
2026/09/06 04:00:00,BARRA DO CORDA,Cerrado,-5.77113,-45.07369,2.2
2026/09/06 04:00:00,PARNARAMA,Cerrado,-5.7416,-43.2751,4.7
2026/09/06 04:00:00,TUNTUM,Cerrado,-5.89668,-44.73406,0.8
2026/09/06 04:00:00,CENTRO DO GUILHERME,Amazônia,-2.24964,-46.12664,0.9
2026/09/06 04:00:00,SÃO FRANCISCO DO MARANHÃO,Cerrado,-6.26906,-43.27071,1.7
2026/09/06 04:00:00,SANTA LUZIA,Amazônia,-4.4508,-46.13655,4.4
2026/09/06 04:00:00,CENTRO DO GUILHERME,Amazônia,-2.25013,-46.12365,0.9
2026/09/06 04:00:00,BURITI,Cerrado,-3.97459,-43.10867,3.3
2026/09/06 04:00:00,SANTA LUZIA,Amazônia,-4.45275,-46.1332,6.8
2026/09/06 04:00:00,TUNTUM,Cerrado,-5.89194,-44.73592,1.7
2026/09/06 04:00:00,SANTA LUZIA,Amazônia,-4.45178,-46.13875,6.5
2026/09/06 04:00:00,POÇÃO DE PEDRAS,Cerrado,-4.90085,-45.09764,3.5
2026/09/06 04:00:00,BARRA DO CORDA,Cerrado,-5.28877,-45.13852,1.9
2026/09/06 04:00:00,PARNARAMA,Cerrado,-5.73704,-43.27788,4.7
2026/09/06 04:00:00,BURITI,Cerrado,-3.85172,-42.94294,0.5
2026/09/06 04:00:00,PARNARAMA,Cerrado,-5.73762,-43.27439,4.7
2026/09/06 04:00:00,BURITI,Cerrado,-3.85516,-42.94713,1.5
2026/09/06 04:02:00,BALSAS,Cerrado,-7.66836,-46.05627,0.9
2026/09/06 04:02:00,RIACHÃO,Cerrado,-7.36952,-47.02066,5.3
2026/09/06 04:02:00,BALSAS,Cerrado,-7.67388,-46.05211,3.2
2026/09/06 04:02:00,CAROLINA,Cerrado,-7.37399,-47.02447,0.8
2026/09/06 04:02:00,SÃO PEDRO DOS CRENTES,Cerrado,-6.85948,-46.46317,0.9
2026/09/06 04:02:00,RIACHÃO,Cerrado,-7.36901,-47.02353,3.1
2026/09/06 04:44:00,COROATÁ,Cerrado,-3.85415,-44.05173,1.1
2026/09/06 04:44:00,BREJO,Cerrado,-3.60368,-42.97314,1.3
2026/09/06 04:44:00,BURITI,Cerrado,-3.97578,-43.10806,4.2
2026/09/06 04:46:00,SUCUPIRA DO RIACHÃO,Cerrado,-6.33174,-43.35266,1.9
2026/09/06 04:46:00,RIACHÃO,Cerrado,-7.36948,-47.01619,2.4
2026/09/06 04:46:00,GRAJAÚ,Cerrado,-5.86535,-46.22036,2.3
2026/09/06 04:46:00,BALSAS,Cerrado,-7.67426,-46.05451,1.5
2026/09/06 04:46:00,TUNTUM,Cerrado,-5.89499,-44.73512,2.1
2026/09/06 04:46:00,BACABAL,Cerrado,-4.23971,-44.6113,0.9
2026/09/06 04:46:00,PORTO FRANCO,Cerrado,-6.35683,-47.27582,0.7
2026/09/06 04:46:00,SANTA LUZIA,Amazônia,-4.45368,-46.13822,9.3
2026/09/06 04:46:00,GRAJAÚ,Cerrado,-5.9272,-45.51773,1.0
2026/09/06 04:46:00,POÇÃO DE PEDRAS,Cerrado,-4.89949,-45.09816,1.0
2026/09/06 04:46:00,RIACHÃO,Cerrado,-7.36878,-47.02103,2.4
2026/09/06 04:46:00,POÇÃO DE PEDRAS,Cerrado,-4.90369,-45.09897,1.0
2026/09/06 04:46:00,SÃO PEDRO DOS CRENTES,Cerrado,-6.86111,-46.4611,1.0
2026/09/06 04:46:00,SÃO JOÃO DO PARAÍSO,Cerrado,-6.25296,-46.66788,1.1
2026/09/06 04:46:00,BALSAS,Cerrado,-7.6748,-46.0508,1.5
2026/09/06 04:46:00,BARRA DO CORDA,Cerrado,-5.77126,-45.07352,1.3
2026/09/06 04:46:00,SANTA LUZIA,Amazônia,-4.45832,-46.13395,9.3
2026/09/06 04:46:00,BARRA DO CORDA,Cerrado,-5.29135,-45.13948,1.1
2026/09/06 04:46:00,SANTA LUZIA,Amazônia,-4.45759,-46.13892,9.3
2026/09/06 04:46:00,RIACHÃO,Cerrado,-7.37264,-47.0216,7.3
2026/09/06 04:46:00,SÃO FRANCISCO DO MARANHÃO,Cerrado,-6.27046,-43.2711,2.0
2026/09/06 04:46:00,SANTA LUZIA,Amazônia,-4.45441,-46.13324,9.3
2026/09/06 04:46:00,GOVERNADOR LUIZ ROCHA,Cerrado,-5.50544,-44.02477,2.4
2026/09/06 04:46:00,GOVERNADOR LUIZ ROCHA,Cerrado,-5.50561,-44.02332,2.0
2026/09/06 04:46:00,DOM PEDRO,Cerrado,-5.04351,-44.46535,5.4
2026/09/06 04:46:00,BARRA DO CORDA,Cerrado,-5.77296,-45.07167,1.8
2026/09/06 04:46:00,BARRA DO CORDA,Cerrado,-5.77184,-45.06944,1.0
2026/09/06 04:46:00,SANTA LUZIA,Amazônia,-4.4505,-46.13258,1.9
2026/09/06 04:46:00,BARRA DO CORDA,Cerrado,-5.41369,-45.24839,0.9
2026/09/06 04:46:00,TUNTUM,Cerrado,-5.69614,-44.49252,1.4
2026/09/06 05:23:00,RIACHÃO,Cerrado,-7.37492,-47.01863,1.3
2026/09/06 05:23:00,SANTA LUZIA,Amazônia,-4.45302,-46.13303,3.0
2026/09/06 05:23:00,RIACHÃO,Cerrado,-7.369,-47.01778,1.3
2026/09/06 05:23:00,SANTA LUZIA,Amazônia,-4.45237,-46.13743,3.7
2026/09/06 05:23:00,RIACHÃO,Cerrado,-7.36842,-47.02205,1.9
2026/09/06 05:23:00,RIACHÃO,Cerrado,-7.37435,-47.02283,1.9
2026/09/06 05:23:00,CAMPESTRE DO MARANHÃO,Cerrado,-6.16851,-47.08341,18.6
2026/09/06 05:23:00,SANTA LUZIA,Amazônia,-4.45833,-46.13873,3.7
2026/09/06 05:23:00,LAJEADO NOVO,Cerrado,-6.16907,-47.07932,6.7
2026/09/06 05:23:00,CAMPESTRE DO MARANHÃO,Cerrado,-6.16794,-47.08751,18.6
2026/09/06 05:23:00,SANTA LUZIA,Amazônia,-4.4543,-46.13951,2.7
2026/09/06 05:23:00,SANTA LUZIA,Amazônia,-4.44895,-46.13387,2.7
2026/09/06 05:23:00,SANTA LUZIA,Amazônia,-4.45492,-46.13504,2.7
2026/09/06 14:20:00,FORTUNA,Cerrado,-5.598,-43.9978,73.1
2026/09/06 15:10:00,HUMBERTO DE CAMPOS,Cerrado,-2.8377,-43.5962,105.4
2026/09/06 15:10:00,HUMBERTO DE CAMPOS,Cerrado,-2.8379,-43.573,103.5
2026/09/06 15:41:00,MATÕES,Cerrado,-5.50958,-43.21047,5.3
2026/09/06 15:41:00,LAGOA DO MATO,Cerrado,-5.80026,-43.64312,10.8
2026/09/06 15:41:00,MATÕES,Cerrado,-5.3798,-43.25177,7.3
2026/09/06 15:41:00,ALTO PARNAÍBA,Cerrado,-10.04624,-46.2876,30.1
2026/09/06 15:41:00,ALTO PARNAÍBA,Cerrado,-10.05013,-46.28887,23.2
2026/09/06 15:41:00,ALTO PARNAÍBA,Cerrado,-10.04932,-46.28178,20.1
2026/09/06 15:41:00,ALTO PARNAÍBA,Cerrado,-9.81065,-46.31778,17.8
2026/09/06 15:41:00,MATÕES,Cerrado,-5.38048,-43.25051,9.6
2026/09/06 15:44:00,PRIMEIRA CRUZ,Cerrado,-2.97452,-43.38932,1.5
2026/09/06 15:44:00,CHAPADINHA,Cerrado,-3.77115,-43.35924,4.7
2026/09/06 15:44:00,TURIAÇU,Amazônia,-1.76833,-45.2868,5.2
2026/09/06 15:44:00,MORROS,Cerrado,-3.19068,-43.71264,4.8
2026/09/06 15:44:00,MORROS,Cerrado,-3.17955,-43.71012,8.3
2026/09/06 15:44:00,HUMBERTO DE CAMPOS,Cerrado,-2.84454,-43.58466,26.2
2026/09/06 15:44:00,MORROS,Cerrado,-3.19124,-43.71239,5.9
2026/09/06 15:44:00,MILAGRES DO MARANHÃO,Cerrado,-3.45489,-42.85534,9.3
2026/09/06 15:44:00,SANTA QUITÉRIA DO MARANHÃO,Cerrado,-3.39769,-43.08552,6.1
2026/09/06 15:44:00,HUMBERTO DE CAMPOS,Cerrado,-2.83905,-43.58543,20.0
2026/09/06 15:44:00,CANTANHEDE,Cerrado,-3.62909,-44.25109,5.2
2026/09/06 15:44:00,ANAPURUS,Cerrado,-3.51924,-43.25696,11.0
2026/09/06 15:44:00,MORROS,Cerrado,-2.82108,-43.80644,8.7
2026/09/06 15:44:00,SANTA QUITÉRIA DO MARANHÃO,Cerrado,-3.31637,-42.96999,6.2
2026/09/06 15:44:00,SANTA QUITÉRIA DO MARANHÃO,Cerrado,-3.3158,-42.97106,5.1
2026/09/06 15:44:00,MORROS,Cerrado,-3.19016,-43.70895,4.8
2026/09/06 15:44:00,MORROS,Cerrado,-2.82719,-43.80936,8.7
2026/09/06 15:44:00,HUMBERTO DE CAMPOS,Cerrado,-2.83852,-43.58187,20.0
2026/09/06 15:44:00,HUMBERTO DE CAMPOS,Cerrado,-2.844,-43.58112,26.2
2026/09/06 15:44:00,CARUTAPERA,Amazônia,-1.24005,-46.02919,7.3
2026/09/06 15:44:00,ANAPURUS,Cerrado,-3.40895,-43.23635,5.7
2026/09/06 15:44:00,ANAPURUS,Cerrado,-3.51873,-43.25347,11.0
2026/09/06 15:44:00,BREJO,Cerrado,-3.6015,-42.97384,27.2
2026/09/06 15:44:00,CHAPADINHA,Cerrado,-3.77167,-43.36275,4.7
2026/09/06 15:44:00,MORROS,Cerrado,-3.19069,-43.70871,5.9
2026/09/06 15:44:00,URBANO SANTOS,Cerrado,-3.53408,-43.35813,2.8
2026/09/06 15:44:00,MORROS,Cerrado,-2.82162,-43.81014,8.7
2026/09/06 15:44:00,TURIAÇU,Amazônia,-1.76969,-45.29583,10.1
2026/09/06 15:44:00,BACABEIRA,Amazônia,-3.03476,-44.41456,3.7
2026/09/06 15:44:00,SANTANA DO MARANHÃO,Cerrado,-3.19655,-42.52506,6.2
2026/09/06 15:44:00,TURIAÇU,Amazônia,-1.76901,-45.29132,10.1
2026/09/06 16:18:00,ALTO PARNAÍBA,Cerrado,-9.79298,-46.32686,3.9
2026/09/06 16:18:00,ALTO PARNAÍBA,Cerrado,-10.04513,-46.28428,17.0
2026/09/06 16:18:00,ALTO PARNAÍBA,Cerrado,-8.97917,-46.01673,10.1
2026/09/06 16:18:00,BALSAS,Cerrado,-9.09934,-46.92169,10.2
2026/09/06 16:18:00,ALTO PARNAÍBA,Cerrado,-9.79781,-46.32626,3.9
2026/09/06 16:18:00,ALTO PARNAÍBA,Cerrado,-10.05624,-46.29375,2.8
2026/09/06 16:18:00,ALTO PARNAÍBA,Cerrado,-9.85288,-46.29819,9.5
2026/09/06 16:18:00,ALTO PARNAÍBA,Cerrado,-9.80675,-46.31973,4.3
2026/09/06 16:18:00,ALTO PARNAÍBA,Cerrado,-9.35223,-46.11879,11.2
2026/09/06 16:18:00,ALTO PARNAÍBA,Cerrado,-10.04583,-46.28952,17.0
2026/09/06 16:18:00,LORETO,Cerrado,-7.48553,-45.43462,2.3
2026/09/06 16:18:00,SUCUPIRA DO RIACHÃO,Cerrado,-6.33269,-43.35382,8.6
2026/09/06 16:18:00,ALTO PARNAÍBA,Cerrado,-10.04388,-46.287,23.1
2026/09/06 16:18:00,ALTO PARNAÍBA,Cerrado,-9.35696,-46.11822,32.1
2026/09/06 16:20:00,APICUM-AÇU,Amazônia,-1.54009,-45.06926,6.8
2026/09/06 16:20:00,SANTA QUITÉRIA DO MARANHÃO,Cerrado,-3.31885,-42.96913,6.0
2026/09/06 16:20:00,BARREIRINHAS,Cerrado,-2.97032,-42.88118,4.7
2026/09/06 16:20:00,SERRANO DO MARANHÃO,Amazônia,-1.91213,-44.99133,13.2
2026/09/06 16:20:00,CARUTAPERA,Amazônia,-1.24112,-46.02886,7.8
2026/09/06 16:20:00,ITAPECURU MIRIM,Cerrado,-3.51238,-44.29787,4.3
2026/09/06 16:20:00,URBANO SANTOS,Cerrado,-3.30396,-43.16168,5.7
2026/09/06 16:20:00,ANAPURUS,Cerrado,-3.52232,-43.25277,13.1
2026/09/06 16:20:00,BREJO,Cerrado,-3.60306,-42.97324,14.6
2026/09/06 16:20:00,PRESIDENTE DUTRA,Cerrado,-5.29317,-44.51201,7.1
2026/09/06 16:20:00,FERNANDO FALCÃO,Cerrado,-6.10264,-45.12467,2.9
2026/09/06 16:20:00,VARGEM GRANDE,Cerrado,-3.65633,-43.64597,8.7
2026/09/06 16:20:00,IGARAPÉ DO MEIO,Amazônia,-3.64341,-45.19659,4.6
2026/09/06 16:20:00,FERNANDO FALCÃO,Cerrado,-5.98007,-45.25694,6.9
2026/09/06 16:20:00,JENIPAPO DOS VIEIRAS,Cerrado,-5.41499,-45.65548,6.8
2026/09/06 16:20:00,MILAGRES DO MARANHÃO,Cerrado,-3.45239,-42.85615,0.9
2026/09/06 16:20:00,SANTA LUZIA,Amazônia,-4.45937,-46.13475,5.3
2026/09/06 16:20:00,COELHO NETO,Cerrado,-4.25447,-43.02326,8.0
2026/09/06 16:20:00,BARREIRINHAS,Cerrado,-3.1445,-42.81942,5.7
2026/09/06 16:20:00,SANTA LUZIA,Amazônia,-4.45537,-46.13464,9.8
2026/09/06 16:20:00,ITAPECURU MIRIM,Cerrado,-3.51309,-44.30258,4.3
2026/09/06 16:20:00,SANTANA DO MARANHÃO,Cerrado,-3.19801,-42.52632,3.3
2026/09/06 16:20:00,ANAPURUS,Cerrado,-3.51932,-43.25746,14.8
2026/09/06 16:20:00,IGARAPÉ DO MEIO,Amazônia,-3.63934,-45.19718,5.6
2026/09/06 16:20:00,PRESIDENTE DUTRA,Cerrado,-5.29425,-44.50987,8.2
2026/09/06 16:20:00,PRESIDENTE VARGAS,Cerrado,-3.4331,-44.05401,5.0
2026/09/06 16:20:00,TIMON,Cerrado,-5.0215,-42.97509,4.3
2026/09/06 16:20:00,ALTO ALEGRE DO MARANHÃO,Cerrado,-4.18795,-44.46216,9.2
2026/09/06 16:20:00,SANTA QUITÉRIA DO MARANHÃO,Cerrado,-3.31581,-43.11832,4.2
2026/09/06 16:20:00,FERNANDO FALCÃO,Cerrado,-5.98431,-45.2564,4.9
2026/09/06 16:20:00,SANTANA DO MARANHÃO,Cerrado,-3.17301,-42.52618,5.6
2026/09/06 16:20:00,CAJARI,Amazônia,-3.48846,-45.10331,3.9
2026/09/06 16:20:00,CAXIAS,Cerrado,-4.64961,-42.9513,4.6
2026/09/06 16:20:00,ALTO ALEGRE DO PINDARÉ,Amazônia,-4.08528,-46.14712,4.1
2026/09/06 16:20:00,CHAPADINHA,Cerrado,-3.7732,-43.36338,6.2
2026/09/06 16:20:00,TURIAÇU,Amazônia,-1.61541,-45.46034,7.9
2026/09/06 16:20:00,SANTA LUZIA,Amazônia,-4.455,-46.13556,5.3
2026/09/06 16:20:00,SERRANO DO MARANHÃO,Amazônia,-1.68111,-44.99628,16.6
2026/09/06 16:20:00,TURIAÇU,Amazônia,-1.76806,-45.28697,8.7
2026/09/06 16:20:00,SANTA LUZIA,Amazônia,-4.45599,-46.13881,3.5
2026/09/06 16:20:00,TURIAÇU,Amazônia,-1.7728,-45.29148,8.7
2026/09/06 16:20:00,SANTA QUITÉRIA DO MARANHÃO,Cerrado,-3.20388,-42.97281,15.8
2026/09/06 16:20:00,URBANO SANTOS,Cerrado,-3.23232,-43.08797,4.8
2026/09/06 16:20:00,SANTA QUITÉRIA DO MARANHÃO,Cerrado,-3.38969,-42.89343,3.3
2026/09/06 16:20:00,VARGEM GRANDE,Cerrado,-3.65807,-43.64661,7.7
2026/09/06 16:20:00,ANAPURUS,Cerrado,-3.41082,-43.23034,6.0
2026/09/06 16:20:00,GRAJAÚ,Cerrado,-5.53668,-45.7569,8.3
2026/09/06 16:20:00,MORROS,Cerrado,-2.82192,-43.80115,8.3
2026/09/06 16:20:00,CANTANHEDE,Cerrado,-3.62824,-44.24889,4.3
2026/09/06 16:20:00,SANTANA DO MARANHÃO,Cerrado,-3.19452,-42.52684,4.4
2026/09/06 16:20:00,SANTANA DO MARANHÃO,Cerrado,-3.19256,-42.63359,6.4
2026/09/06 16:20:00,FERNANDO FALCÃO,Cerrado,-5.9795,-45.25298,6.9
2026/09/06 16:20:00,SANTANA DO MARANHÃO,Cerrado,-3.1817,-42.53661,5.0
2026/09/06 16:20:00,IGARAPÉ DO MEIO,Amazônia,-3.64395,-45.20015,4.6
2026/09/06 16:20:00,CAJARI,Amazônia,-3.4925,-45.10272,3.9
2026/09/06 16:20:00,CHAPADINHA,Cerrado,-3.77257,-43.35917,8.7
2026/09/06 16:20:00,HUMBERTO DE CAMPOS,Cerrado,-2.84209,-43.58346,17.9
2026/09/06 16:20:00,SANTA QUITÉRIA DO MARANHÃO,Cerrado,-3.20918,-42.95975,7.3
2026/09/06 16:37:00,GRAJAÚ,Cerrado,-5.80041,-46.2308,5.4
2026/09/06 16:37:00,COLINAS,Cerrado,-6.19928,-44.01671,5.9
2026/09/06 16:37:00,ALTO ALEGRE DO MARANHÃO,Cerrado,-4.18728,-44.46143,4.1
2026/09/06 16:37:00,SUCUPIRA DO RIACHÃO,Cerrado,-6.33437,-43.35458,12.2
2026/09/06 16:37:00,GRAJAÚ,Cerrado,-5.53803,-45.75568,22.4
2026/09/06 16:37:00,BALSAS,Cerrado,-9.10253,-46.92281,19.9
2026/09/06 16:37:00,BACABAL,Amazônia,-3.94065,-44.74665,15.3
2026/09/06 16:37:00,CHAPADINHA,Cerrado,-3.7071,-43.35431,2.8
2026/09/06 16:37:00,DUQUE BACELAR,Cerrado,-4.15308,-42.93038,3.9
2026/09/06 16:37:00,ALTO PARNAÍBA,Cerrado,-9.35594,-46.11777,9.2
2026/09/06 16:37:00,MIRADOR,Cerrado,-6.5746,-44.7766,4.6
2026/09/06 16:37:00,ALTO PARNAÍBA,Cerrado,-9.79427,-46.32849,7.4
2026/09/06 16:37:00,LORETO,Cerrado,-7.48775,-45.43363,1.1
2026/09/06 16:37:00,SÃO BERNARDO,Caatinga,-3.39929,-42.33413,2.8
2026/09/06 16:37:00,ALTO PARNAÍBA,Cerrado,-9.79761,-46.32798,7.0
2026/09/06 16:37:00,PORTO FRANCO,Cerrado,-6.31669,-47.33874,9.4
2026/09/06 16:37:00,JENIPAPO DOS VIEIRAS,Cerrado,-5.41708,-45.65402,8.6
2026/09/06 16:37:00,CAROLINA,Cerrado,-7.16781,-46.90435,4.7
2026/09/06 16:37:00,SANTA QUITÉRIA DO MARANHÃO,Cerrado,-3.39231,-42.85095,2.3
2026/09/06 16:37:00,CAXIAS,Cerrado,-4.65035,-42.94948,2.4
2026/09/06 16:37:00,FERNANDO FALCÃO,Cerrado,-5.98428,-45.25748,4.4
2026/09/06 16:37:00,FERNANDO FALCÃO,Cerrado,-5.98042,-45.25451,37.0
2026/09/06 16:37:00,ALTO PARNAÍBA,Cerrado,-9.35647,-46.1213,9.2
2026/09/06 16:37:00,ANAPURUS,Cerrado,-3.52339,-43.25612,9.4
2026/09/06 16:37:00,ALTO PARNAÍBA,Cerrado,-9.80659,-46.31932,3.8
2026/09/06 16:37:00,FERNANDO FALCÃO,Cerrado,-5.98707,-45.25347,5.6
2026/09/06 16:37:00,ALTO PARNAÍBA,Cerrado,-9.35261,-46.11827,9.2
2026/09/06 16:37:00,CONCEIÇÃO DO LAGO-AÇU,Amazônia,-3.67682,-44.76102,7.6
2026/09/06 16:37:00,ANAPURUS,Cerrado,-3.51974,-43.25669,15.1
2026/09/06 16:37:00,MIRADOR,Cerrado,-6.30392,-44.86705,4.7
2026/09/06 16:37:00,JENIPAPO DOS VIEIRAS,Cerrado,-5.57695,-45.70012,2.0
2026/09/06 16:37:00,CHAPADINHA,Cerrado,-3.77216,-43.36117,4.6
2026/09/06 16:37:00,GRAJAÚ,Cerrado,-5.80371,-46.2303,5.4
2026/09/06 16:37:00,PASTOS BONS,Cerrado,-6.44755,-44.10345,2.2
2026/09/06 16:37:00,MILAGRES DO MARANHÃO,Cerrado,-3.45418,-42.8551,2.7
2026/09/06 16:37:00,VITORINO FREIRE,Amazônia,-4.07233,-45.36577,4.5
2026/09/06 16:37:00,PRESIDENTE DUTRA,Cerrado,-5.29507,-44.51101,16.2
2026/09/06 16:37:00,CHAPADINHA,Cerrado,-3.77282,-43.36537,4.6
2026/09/06 16:37:00,MIRADOR,Cerrado,-6.5691,-44.77803,5.7
2026/09/06 16:37:00,FERNANDO FALCÃO,Cerrado,-5.97709,-45.25502,37.0
2026/09/06 16:37:00,ALTO PARNAÍBA,Cerrado,-10.05429,-46.29576,67.1
2026/09/06 16:37:00,CAMPESTRE DO MARANHÃO,Cerrado,-6.12557,-47.32774,154.5
2026/09/06 16:37:00,DUQUE BACELAR,Cerrado,-4.15101,-42.91733,6.6
2026/09/06 16:37:00,ALTO PARNAÍBA,Cerrado,-9.80993,-46.3188,4.9
2026/09/06 16:37:00,FERNANDO FALCÃO,Cerrado,-5.98374,-45.25399,5.6
2026/09/06 16:37:00,GOVERNADOR EDISON LOBÃO,Cerrado,-5.77213,-47.43006,5.5
2026/09/06 16:37:00,CAXIAS,Cerrado,-4.82074,-43.53437,1.8
2026/09/06 16:37:00,FERNANDO FALCÃO,Cerrado,-5.98321,-45.2505,5.6
2026/09/06 16:37:00,DUQUE BACELAR,Cerrado,-4.15032,-42.91297,6.6
2026/09/06 16:37:00,TIMON,Cerrado,-5.02097,-42.97326,3.9
2026/09/06 16:37:00,CANTANHEDE,Cerrado,-3.6292,-44.24976,2.6
2026/09/06 16:37:00,ALTO PARNAÍBA,Cerrado,-9.8094,-46.31523,4.9
2026/09/06 16:37:00,ALTO PARNAÍBA,Cerrado,-9.94915,-46.11853,4.0
2026/09/06 16:37:00,FERNANDO FALCÃO,Cerrado,-5.98095,-45.258,4.6
2026/09/06 16:37:00,ALTO PARNAÍBA,Cerrado,-9.80605,-46.31575,3.8
2026/09/06 16:37:00,BOM JARDIM,Amazônia,-4.15298,-46.44227,2.8
2026/09/06 16:37:00,ALTO ALEGRE DO MARANHÃO,Cerrado,-4.19071,-44.4609,3.3
2026/09/06 16:37:00,URBANO SANTOS,Cerrado,-3.53592,-43.35814,4.3
2026/09/06 16:37:00,CHAPADINHA,Cerrado,-3.77578,-43.36062,4.6
2026/09/06 16:39:00,MARACAÇUMÉ,Amazônia,-2.06521,-45.99645,13.1
2026/09/06 16:39:00,CURURUPU,Amazônia,-1.85016,-44.95681,44.6
2026/09/06 16:39:00,IGARAPÉ DO MEIO,Amazônia,-3.63923,-45.19749,6.9
2026/09/06 16:39:00,CÂNDIDO MENDES,Amazônia,-1.49966,-45.71282,22.6
2026/09/06 16:39:00,BARREIRINHAS,Cerrado,-3.14382,-42.8219,5.3
2026/09/06 16:39:00,TURIAÇU,Amazônia,-1.76944,-45.2938,4.3
2026/09/06 16:39:00,MONÇÃO,Amazônia,-3.50916,-45.21426,6.4
2026/09/06 16:39:00,SANTANA DO MARANHÃO,Cerrado,-3.22619,-42.83226,8.4
2026/09/06 16:39:00,SANTANA DO MARANHÃO,Cerrado,-3.14349,-42.49966,3.6
2026/09/06 16:39:00,GODOFREDO VIANA,Amazônia,-1.40093,-45.8008,4.5
2026/09/06 16:39:00,HUMBERTO DE CAMPOS,Cerrado,-2.84149,-43.58445,9.1
2026/09/06 16:39:00,ALCÂNTARA,Amazônia,-2.36946,-44.48209,19.4
2026/09/06 16:39:00,SÃO BERNARDO,Cerrado,-3.1413,-42.30094,20.4
2026/09/06 16:39:00,SANTA QUITÉRIA DO MARANHÃO,Cerrado,-3.31456,-43.11895,7.0
2026/09/06 16:39:00,MORROS,Cerrado,-3.18265,-43.70708,5.7
2026/09/06 16:39:00,SANTA QUITÉRIA DO MARANHÃO,Cerrado,-3.2083,-42.96354,7.6
2026/09/06 16:39:00,SÃO BERNARDO,Cerrado,-3.14517,-42.30035,10.7
2026/09/06 16:39:00,TUTÓIA,Cerrado,-3.09572,-42.61773,6.4
2026/09/06 16:39:00,SERRANO DO MARANHÃO,Amazônia,-1.79171,-44.93913,4.1
2026/09/06 16:39:00,SANTANA DO MARANHÃO,Cerrado,-3.22341,-42.83381,11.1
2026/09/06 16:39:00,SANTA QUITÉRIA DO MARANHÃO,Cerrado,-3.36749,-43.0707,13.0
2026/09/06 16:39:00,SANTANA DO MARANHÃO,Cerrado,-3.19102,-42.63292,2.3
2026/09/06 16:39:00,IGARAPÉ DO MEIO,Amazônia,-3.6426,-45.19698,6.9
2026/09/06 16:39:00,BARREIRINHAS,Cerrado,-2.97115,-42.88328,4.4
2026/09/06 16:39:00,HUMBERTO DE CAMPOS,Cerrado,-2.86736,-43.46447,3.8
2026/09/06 16:39:00,CAJARI,Amazônia,-3.4806,-45.09721,2.9
2026/09/06 16:39:00,SANTANA DO MARANHÃO,Cerrado,-3.19205,-42.63617,2.0
2026/09/06 16:39:00,ANAPURUS,Cerrado,-3.40761,-43.23398,6.1
2026/09/06 16:39:00,CARUTAPERA,Amazônia,-1.24151,-46.02818,6.6
2026/09/06 16:39:00,RAPOSA,Amazônia,-2.46281,-44.14788,2.7
2026/09/06 16:39:00,CAJARI,Amazônia,-3.49299,-45.11008,3.9
2026/09/06 16:39:00,CÂNDIDO MENDES,Amazônia,-1.76388,-45.82706,7.1
2026/09/06 16:39:00,SANTANA DO MARANHÃO,Cerrado,-3.14659,-42.49439,5.9
2026/09/06 16:39:00,ICATU,Amazônia,-2.67378,-43.96965,34.3
2026/09/06 16:39:00,ALCÂNTARA,Amazônia,-2.44934,-44.66433,4.1
2026/09/06 16:39:00,CACHOEIRA GRANDE,Cerrado,-3.12487,-43.84427,7.8
2026/09/06 16:39:00,SÃO BERNARDO,Cerrado,-3.14383,-42.29877,16.2
2026/09/06 16:39:00,APICUM-AÇU,Amazônia,-1.61887,-45.09132,8.4
2026/09/06 16:39:00,BACURI,Amazônia,-1.84566,-45.15492,3.6
2026/09/06 16:39:00,BARREIRINHAS,Cerrado,-2.82329,-42.82962,3.1
2026/09/06 16:39:00,TURIAÇU,Amazônia,-1.61588,-45.45883,7.3
2026/09/06 16:39:00,BACABEIRA,Amazônia,-3.03827,-44.41083,3.5
2026/09/06 16:39:00,IGARAPÉ DO MEIO,Amazônia,-3.64315,-45.20056,6.3
2026/09/06 16:39:00,PRESIDENTE VARGAS,Cerrado,-3.43318,-44.05726,3.7
2026/09/06 16:39:00,MORROS,Cerrado,-3.18329,-43.71116,11.5
2026/09/06 16:39:00,SERRANO DO MARANHÃO,Amazônia,-1.67861,-44.9561,25.6
2026/09/06 16:39:00,URBANO SANTOS,Cerrado,-3.30816,-43.2918,8.1
2026/09/06 16:39:00,SANTA QUITÉRIA DO MARANHÃO,Cerrado,-3.31775,-42.97037,3.8
2026/09/06 16:39:00,MORROS,Cerrado,-3.17972,-43.71172,6.5
2026/09/06 16:39:00,CURURUPU,Amazônia,-1.86878,-44.68751,3.5
2026/09/06 16:39:00,MORROS,Cerrado,-3.19045,-43.71005,9.4
2026/09/06 16:39:00,CACHOEIRA GRANDE,Cerrado,-3.13198,-43.84318,4.6
2026/09/06 17:22:00,ALTO PARNAÍBA,Cerrado,-9.8479,-46.29536,11.1
2026/09/06 17:22:00,ALTO PARNAÍBA,Cerrado,-9.84805,-46.29692,9.8
2026/09/06 17:22:00,CAROLINA,Cerrado,-7.24088,-47.54574,7.0
2026/09/06 17:22:00,LORETO,Cerrado,-7.47692,-45.45356,12.4
2026/09/06 17:22:00,CAROLINA,Cerrado,-7.24416,-47.54337,8.9
2026/09/06 17:22:00,ALTO PARNAÍBA,Cerrado,-9.849,-46.30182,9.8
2026/09/06 17:22:00,ALTO PARNAÍBA,Cerrado,-9.84881,-46.30028,11.1
2026/09/06 17:22:00,FERNANDO FALCÃO,Cerrado,-6.06168,-45.55634,4.3
2026/09/06 17:22:00,LORETO,Cerrado,-7.4758,-45.44758,13.4
2026/09/06 17:22:00,ALTO PARNAÍBA,Cerrado,-9.85517,-46.30091,9.8
2026/09/06 17:24:00,GRAJAÚ,Cerrado,-5.53752,-45.75837,4.4
2026/09/06 17:24:00,ALTO ALEGRE DO PINDARÉ,Amazônia,-4.08218,-46.14793,16.0
2026/09/06 17:24:00,JENIPAPO DOS VIEIRAS,Cerrado,-5.50631,-45.55039,9.9
2026/09/06 18:00:00,HUMBERTO DE CAMPOS,Cerrado,-2.88963,-43.547,75.6
2026/09/06 18:00:00,SANTA QUITÉRIA DO MARANHÃO,Cerrado,-3.20767,-42.99025,103.0
2026/09/06 18:00:00,HUMBERTO DE CAMPOS,Cerrado,-2.87857,-43.5561,72.0
2026/09/06 18:00:00,SÃO BERNARDO,Cerrado,-3.15507,-42.31456,48.1
2026/09/06 18:00:00,HUMBERTO DE CAMPOS,Cerrado,-2.8474,-43.56046,31.3
2026/09/06 18:00:00,SÃO BERNARDO,Cerrado,-3.14427,-42.31133,72.6
2026/09/06 18:50:00,SANTA QUITÉRIA DO MARANHÃO,Cerrado,-3.2137,-42.953,60.9
2026/09/06 19:00:00,SANTA QUITÉRIA DO MARANHÃO,Cerrado,-3.2137,-42.953,90.6
2026/09/06 19:00:00,SANTA QUITÉRIA DO MARANHÃO,Cerrado,-3.195,-42.9772,81.0
2026/09/06 19:10:00,SANTA QUITÉRIA DO MARANHÃO,Cerrado,-3.2137,-42.953,99.0
2026/09/06 19:10:00,SANTA QUITÉRIA DO MARANHÃO,Cerrado,-3.195,-42.9772,303.3
2026/09/06 19:15:00,SANTA QUITÉRIA DO MARANHÃO,Cerrado,-3.2,-42.95,
2026/09/06 19:15:00,SANTA QUITÉRIA DO MARANHÃO,Cerrado,-3.2,-43.0,
2026/09/06 19:20:00,SANTA QUITÉRIA DO MARANHÃO,Cerrado,-3.2136,-42.9764,385.0
2026/09/06 19:20:00,SANTA QUITÉRIA DO MARANHÃO,Cerrado,-3.2137,-42.953,77.2
2026/09/06 19:20:00,SANTA QUITÉRIA DO MARANHÃO,Cerrado,-3.195,-42.9772,190.7
2026/09/06 19:30:00,SANTA QUITÉRIA DO MARANHÃO,Cerrado,-3.195,-42.9772,130.3
2026/09/06 19:30:00,SANTA QUITÉRIA DO MARANHÃO,Cerrado,-3.2137,-42.953,77.8
2026/09/06 19:30:00,SANTA QUITÉRIA DO MARANHÃO,Cerrado,-3.2135,-42.9998,104.5
2026/09/06 19:30:00,SANTA QUITÉRIA DO MARANHÃO,Cerrado,-3.2136,-42.9764,402.9
2026/09/06 19:40:00,SANTA QUITÉRIA DO MARANHÃO,Cerrado,-3.2137,-42.953,97.3
2026/09/06 19:40:00,SANTA QUITÉRIA DO MARANHÃO,Cerrado,-3.2136,-42.9764,325.1
2026/09/06 19:40:00,SANTA QUITÉRIA DO MARANHÃO,Cerrado,-3.2135,-42.9998,92.8
2026/09/06 19:40:00,SANTA QUITÉRIA DO MARANHÃO,Cerrado,-3.195,-42.9772,180.9
2026/09/06 19:50:00,SANTA QUITÉRIA DO MARANHÃO,Cerrado,-3.2137,-42.953,76.8
2026/09/06 19:50:00,SANTA QUITÉRIA DO MARANHÃO,Cerrado,-3.2135,-42.9998,131.8
2026/09/06 19:50:00,SANTA QUITÉRIA DO MARANHÃO,Cerrado,-3.2136,-42.9764,387.0
2026/09/06 19:50:00,SANTA QUITÉRIA DO MARANHÃO,Cerrado,-3.195,-42.9772,121.6
2026/09/06 20:00:00,SANTA QUITÉRIA DO MARANHÃO,Cerrado,-3.2136,-42.9764,236.4
2026/09/06 20:00:00,BURITICUPU,Amazônia,-4.6655,-46.3196,78.8
2026/09/06 20:00:00,SANTA QUITÉRIA DO MARANHÃO,Cerrado,-3.2137,-42.953,66.9
2026/09/06 20:00:00,MATÕES,Cerrado,-5.3384,-43.716,124.4
2026/09/06 20:00:00,TUNTUM,Cerrado,-5.5911,-44.8004,90.5
2026/09/06 20:00:00,TUNTUM,Cerrado,-5.5724,-44.8017,87.7
2026/09/06 20:00:00,SANTA QUITÉRIA DO MARANHÃO,Cerrado,-3.195,-42.9772,128.6
2026/09/06 20:00:00,SANTA QUITÉRIA DO MARANHÃO,Cerrado,-3.2135,-42.9998,79.8
2026/09/06 20:00:00,BURITICUPU,Amazônia,-4.6469,-46.3206,212.2
2026/09/06 20:00:00,BURITICUPU,Amazônia,-4.647,-46.2984,160.4
2026/09/06 20:10:00,SANTA QUITÉRIA DO MARANHÃO,Cerrado,-3.195,-42.9772,114.9
2026/09/06 20:10:00,FERNANDO FALCÃO,Cerrado,-6.4626,-45.6411,89.5
2026/09/06 20:10:00,BURITICUPU,Amazônia,-4.6469,-46.3206,100.7
2026/09/06 20:10:00,SANTA QUITÉRIA DO MARANHÃO,Cerrado,-3.2136,-42.9764,175.0
2026/09/06 20:10:00,BURITICUPU,Amazônia,-4.647,-46.2984,99.7
2026/09/06 20:20:00,SANTA QUITÉRIA DO MARANHÃO,Cerrado,-3.2136,-42.9764,174.8
2026/09/06 20:20:00,JATOBÁ,Cerrado,-5.8208,-44.2117,123.2
2026/09/06 20:30:00,SANTA QUITÉRIA DO MARANHÃO,Cerrado,-3.195,-42.9772,63.9
2026/09/06 20:30:00,SANTA QUITÉRIA DO MARANHÃO,Cerrado,-3.2136,-42.9764,132.9
2026/09/06 20:40:00,SANTA QUITÉRIA DO MARANHÃO,Cerrado,-3.2136,-42.9764,107.3
2026/09/06 20:50:00,BURITICUPU,Amazônia,-4.516,-46.4165,97.1
2026/09/06 20:50:00,SANTA QUITÉRIA DO MARANHÃO,Cerrado,-3.195,-42.9772,65.0
2026/09/06 20:50:00,SANTA QUITÉRIA DO MARANHÃO,Cerrado,-3.2136,-42.9764,129.3
2026/09/06 21:00:00,BURITICUPU,Amazônia,-4.5161,-46.3943,92.5
2026/09/06 21:00:00,BURITICUPU,Amazônia,-4.516,-46.4165,169.4
2026/09/06 21:15:00,SÃO DOMINGOS DO MARANHÃO,Cerrado,-5.49,-44.41,
2026/09/06 21:30:00,SANTA QUITÉRIA DO MARANHÃO,Cerrado,-3.2136,-42.9764,65.9
2026/09/06 21:40:00,GRAJAÚ,Cerrado,-5.9024,-45.5481,104.4
2026/09/06 21:40:00,GRAJAÚ,Cerrado,-5.8837,-45.5494,89.0
2026/09/06 21:40:00,BURITICUPU,Amazônia,-4.5161,-46.3943,79.4
2026/09/06 21:40:00,BURITICUPU,Amazônia,-4.516,-46.4165,107.1
2026/09/06 21:50:00,CAXIAS,Cerrado,-4.8578,-42.9801,83.8
2026/09/06 21:50:00,GRAJAÚ,Cerrado,-5.9024,-45.5481,97.1
2026/09/06 21:50:00,CAXIAS,Cerrado,-4.858,-42.9566,104.1
2026/09/06 23:10:00,ALDEIAS ALTAS,Cerrado,-4.554,-43.605,65.7
2026/09/06 23:26:00,MIRADOR,Cerrado,-6.5642,-44.77674,12.7
2026/09/06 23:26:00,SANTA QUITÉRIA DO MARANHÃO,Cerrado,-3.21209,-42.97819,22.6
2026/09/06 23:26:00,SANTA QUITÉRIA DO MARANHÃO,Cerrado,-3.2029,-42.97943,13.1
2026/09/06 23:26:00,GRAJAÚ,Cerrado,-5.89634,-45.54595,21.4
