CD_MUN,idhm
3500105,0.79
3500204,0.73
3500303,0.71
3500402,0.78
3500501,0.74
3500550,0.75
3500600,0.85
3500709,0.74
3500758,0.71
3500808,0.74
3500907,0.68
3501004,0.73
3501103,0.7
3501152,0.76
3501202,0.72
3501301,0.75
3501400,0.68
3501509,0.72
3501608,0.81
3501707,0.75
3501806,0.74
3501905,0.78
3502002,0.75
3502101,0.77
3502200,0.71
3502309,0.72
3502408,0.74
3502507,0.75
3502606,0.72
3502705,0.71
3502754,0.7
3502804,0.78
3502903,0.77
3503000,0.74
3503109,0.68
3503158,0.68
3503208,0.81
3503307,0.78
3503356,0.72
3503406,0.74
3503505,0.69
3503604,0.69
3503703,0.73
3503802,0.74
3503901,0.78
3503950,0.73
3504008,0.8
3504107,0.76
3504206,0.77
3504305,0.71
3504404,0.7
3504503,0.76
3504602,0.74
3504701,0.66
3504800,0.75
3504909,0.73
3505005,0.71
3505104,0.69
3505203,0.75
3505302,0.78
3505351,0.66
3505401,0.64
3505500,0.78
3505609,0.72
3505708,0.78
3505807,0.75
3505906,0.76
3506003,0.8
3506102,0.78
3506201,0.74
3506300,0.73
3506359,0.73
3506409,0.76
3506508,0.78
3506607,0.71
3506706,0.68
3506805,0.74
3506904,0.7
3507001,0.78
3507100,0.71
3507159,0.66
3507209,0.74
3507308,0.75
3507407,0.73
3507456,0.7
3507506,0.8
3507605,0.77
3507704,0.73
3507753,0.71
3507803,0.75
3507902,0.74
3508009,0.66
3508108,0.76
3508207,0.73
3508306,0.69
3508405,0.73
3508504,0.78
3508603,0.76
3508702,0.72
3508801,0.74
3508900,0.72
3509007,0.78
3509106,0.69
3509205,0.72
3509254,0.69
3509304,0.73
3509403,0.71
3509452,0.71
3509502,0.8
3509601,0.76
3509700,0.74
3509809,0.7
3509908,0.72
3509957,0.7
3510005,0.74
3510104,0.78
3510153,0.68
3510203,0.72
3510302,0.69
3510401,0.75
3510500,0.75
3510609,0.74
3510708,0.72
3510807,0.73
3510906,0.73
3511003,0.73
3511102,0.78
3511201,0.75
3511300,0.76
3511409,0.72
3511508,0.78
3511607,0.7
3511706,0.73
3511904,0.72
3512001,0.75
3512100,0.71
3512209,0.7
3512308,0.73
3512407,0.75
3512506,0.71
3512605,0.69
3512704,0.75
3512803,0.76
3512902,0.72
3513009,0.78
3513108,0.75
3513207,0.73
3513306,0.77
3513405,0.78
3513504,0.73
3513603,0.68
3513702,0.76
3513801,0.75
3513850,0.74
3513900,0.73
3514007,0.71
3514106,0.72
3514205,0.74
3514304,0.73
3514403,0.77
3514502,0.74
3514601,0.74
3514700,0.74
3514809,0.69
3514908,0.69
3514924,0.74
3514957,0.73
3515004,0.73
3515103,0.74
3515129,0.72
3515152,0.73
3515186,0.78
3515194,0.69
3515202,0.76
3515301,0.74
3515350,0.7
3515400,0.73
3515509,0.79
3515608,0.75
3515657,0.7
3515707,0.73
3515806,0.72
3515905,0.74
3516002,0.71
3516101,0.71
3516200,0.78
3516309,0.7
3516408,0.73
3516507,0.76
3516606,0.7
3516705,0.76
3516804,0.72
3516853,0.71
3516903,0.74
3517000,0.71
3517109,0.73
3517208,0.73
3517307,0.72
3517406,0.75
3517505,0.72
3517604,0.67
3517703,0.71
3517802,0.71
3517901,0.73
3518008,0.73
3518107,0.71
3518206,0.76
3518305,0.73
3518404,0.79
3518503,0.68
3518602,0.71
3518701,0.75
3518800,0.76
3518859,0.74
3518909,0.69
3519006,0.72
3519055,0.79
3519071,0.75
3519105,0.74
3519204,0.73
3519253,0.67
3519303,0.7
3519402,0.74
3519501,0.7
3519600,0.74
3519709,0.71
3519808,0.72
3519907,0.73
3520004,0.72
3520103,0.76
3520202,0.71
3520301,0.72
3520400,0.75
3520426,0.72
3520442,0.81
3520509,0.78
3520608,0.76
3520707,0.75
3520806,0.75
3520905,0.72
3521002,0.71
3521101,0.75
3521150,0.73
3521200,0.7
3521309,0.74
3521408,0.77
3521507,0.71
3521606,0.71
3521705,0.69
3521804,0.71
3521903,0.73
3522000,0.7
3522109,0.74
3522158,0.68
3522208,0.74
3522307,0.76
3522406,0.73
3522505,0.73
3522604,0.76
3522653,0.66
3522703,0.74
3522802,0.71
3522901,0.72
3523008,0.72
3523107,0.71
3523206,0.7
3523305,0.67
3523404,0.77
3523503,0.7
3523602,0.72
3523701,0.7
3523800,0.71
3523909,0.77
3524006,0.76
3524105,0.76
3524204,0.71
3524303,0.77
3524402,0.77
3524501,0.72
3524600,0.71
3524709,0.78
3524808,0.77
3524907,0.75
3525003,0.76
3525102,0.73
3525201,0.73
3525300,0.77
3525409,0.7
3525508,0.69
3525607,0.74
3525706,0.77
3525805,0.71
3525854,0.74
3525904,0.82
3526001,0.74
3526100,0.7
3526209,0.7
3526308,0.69
3526407,0.72
3526506,0.72
3526605,0.72
3526704,0.74
3526803,0.76
3526902,0.77
3527009,0.74
3527108,0.78
3527207,0.76
3527256,0.74
3527306,0.77
3527405,0.75
3527504,0.73
3527603,0.73
3527702,0.7
3527801,0.72
3527900,0.72
3528007,0.77
3528106,0.74
3528205,0.74
3528304,0.75
3528403,0.74
3528502,0.78
3528601,0.73
3528700,0.67
3528809,0.77
3528858,0.75
3528908,0.71
3529005,0.79
3529104,0.73
3529203,0.72
3529302,0.77
3529401,0.76
3529500,0.74
3529609,0.73
3529658,0.72
3529708,0.74
3529807,0.73
3529906,0.69
3530003,0.74
3530102,0.75
3530201,0.72
3530300,0.76
3530409,0.73
3530508,0.76
3530607,0.78
3530706,0.77
3530805,0.78
3530904,0.71
3531001,0.77
3531100,0.75
3531209,0.75
3531308,0.76
3531407,0.78
3531506,0.75
3531605,0.74
3531704,0.71
3531803,0.73
3531902,0.71
3532009,0.71
3532058,0.74
3532108,0.72
3532157,0.71
3532207,0.71
3532306,0.65
3532405,0.67
3532504,0.75
3532603,0.75
3532702,0.71
3532801,0.73
3532827,0.65
3532843,0.71
3532868,0.75
3532900,0.76
3533007,0.73
3533106,0.72
3533205,0.73
3533254,0.71
3533304,0.74
3533403,0.79
3533502,0.75
3533601,0.74
3533700,0.71
3533809,0.73
3533908,0.77
3534005,0.73
3534104,0.77
3534203,0.76
3534302,0.78
3534401,0.77
3534500,0.74
3534609,0.76
3534708,0.77
3534757,0.77
3534807,0.69
3534906,0.72
3535002,0.73
3535101,0.72
3535200,0.75
3535309,0.74
3535408,0.72
3535507,0.76
3535606,0.71
3535705,0.74
3535804,0.71
3535903,0.73
3536000,0.73
3536109,0.72
3536208,0.73
3536257,0.72
3536307,0.73
3536406,0.71
3536505,0.79
3536570,0.71
3536604,0.72
3536703,0.73
3536802,0.67
3536901,0.74
3537008,0.71
3537107,0.76
3537156,0.77
3537206,0.69
3537305,0.75
3537404,0.76
3537503,0.73
3537602,0.74
3537701,0.73
3537800,0.71
3537909,0.69
3538006,0.77
3538105,0.73
3538204,0.72
3538303,0.71
3538501,0.75
3538600,0.73
3538709,0.78
3538808,0.75
3538907,0.74
3539004,0.75
3539103,0.72
3539202,0.77
3539301,0.8
3539400,0.77
3539509,0.72
3539608,0.71
3539707,0.71
3539806,0.77
3539905,0.76
3540002,0.78
3540101,0.75
3540200,0.72
3540259,0.7
3540309,0.73
3540408,0.71
3540507,0.7
3540606,0.75
3540705,0.75
3540754,0.69
3540804,0.74
3540853,0.69
3540903,0.73
3541000,0.75
3541059,0.7
3541109,0.73
3541208,0.75
3541307,0.75
3541406,0.8
3541505,0.76
3541604,0.74
3541653,0.67
3541703,0.73
3541802,0.71
3541901,0.72
3542008,0.73
3542107,0.74
3542206,0.75
3542305,0.65
3542404,0.76
3542503,0.72
3542602,0.75
3542701,0.7
3542800,0.69
3542909,0.71
3543006,0.63
3543105,0.71
3543204,0.74
3543238,0.72
3543253,0.7
3543303,0.78
3543402,0.8
3543501,0.66
3543600,0.74
3543709,0.73
3543808,0.72
3543907,0.8
3544004,0.75
3544103,0.74
3544202,0.7
3544251,0.76
3544301,0.73
3544400,0.72
3544509,0.75
3544608,0.72
3544707,0.73
3544806,0.75
3544905,0.77
3545001,0.73
3545100,0.71
3545159,0.79
3545209,0.78
3545308,0.72
3545407,0.7
3545506,0.7
3545605,0.76
3545704,0.72
3545803,0.78
3546009,0.73
3546108,0.73
3546207,0.79
3546256,0.74
3546306,0.72
3546405,0.76
3546504,0.73
3546603,0.78
3546702,0.73
3546801,0.73
3546900,0.73
3547007,0.68
3547106,0.73
3547205,0.77
3547304,0.81
3547403,0.76
3547502,0.77
3547601,0.77
3547650,0.77
3547700,0.75
3547809,0.81
3547908,0.7
3548005,0.7
3548054,0.75
3548104,0.71
3548203,0.7
3548302,0.73
3548401,0.74
3548500,0.84
3548609,0.72
3548708,0.8
3548807,0.86
3548906,0.8
3549003,0.72
3549102,0.79
3549201,0.72
3549250,0.74
3549300,0.75
3549409,0.76
3549508,0.69
3549607,0.68
3549706,0.77
3549805,0.79
3549904,0.8
3549953,0.72
3550001,0.69
3550100,0.74
3550209,0.71
3550308,0.8
3550407,0.75
3550506,0.7
3550605,0.76
3550704,0.77
3550803,0.7
3550902,0.76
3551009,0.76
3551108,0.7
3551207,0.68
3551306,0.77
3551405,0.68
3551504,0.72
3551603,0.76
3551702,0.76
3551801,0.67
3551900,0.71
3552007,0.67
3552106,0.72
3552205,0.79
3552304,0.74
3552403,0.76
3552502,0.76
3552551,0.69
3552601,0.73
3552700,0.7
3552809,0.76
3552908,0.72
3553005,0.7
3553104,0.71
3553203,0.76
3553302,0.73
3553401,0.74
3553500,0.68
3553609,0.75
3553658,0.75
3553708,0.74
3553807,0.7
3553856,0.67
3553906,0.72
3553955,0.75
3554003,0.75
3554102,0.8
3554201,0.66
3554300,0.74
3554409,0.74
3554508,0.77
3554607,0.71
3554656,0.71
3554706,0.74
3554755,0.72
3554805,0.78
3554904,0.75
3554953,0.72
3555000,0.77
3555109,0.76
3555208,0.75
3555307,0.73
3555356,0.7
3555406,0.75
3555505,0.72
3555604,0.72
3555703,0.74
3555802,0.74
3555901,0.71
3556008,0.74
3556107,0.73
3556206,0.81
3556305,0.72
3556354,0.69
3556404,0.73
3556453,0.77
3556503,0.75
3556602,0.75
3556701,0.81
3556800,0.73
3556909,0.74
3556958,0.72
3557006,0.76
3557105,0.79
3557154,0.72
3557204,0.72
3557303,0.74
