id_municipio,ano,populacao
2101350,2002,4969
2103752,2002,12558
2111904,2002,10717
2100204,2003,22130
2104073,2003,7966
2104107,2003,12294
2107456,2003,11287
2113009,2003,31236
2103703,2004,34767
2104552,2004,12898
2102507,2005,18265
2104701,2005,6277
2105203,2005,10123
2108603,2005,74896
2102358,2006,15787
2106755,2006,21490
2100956,2007,32448
2102150,2007,12121
2105963,2007,10036
2106755,2007,22291
2100204,2008,22167
2101004,2008,28552
2102309,2008,23037
2103604,2008,61952
2105963,2008,10201
2106607,2008,31510
2111052,2008,11017
2111078,2008,17018
2111904,2008,10598
2101731,2009,6531
2102309,2009,23137
2103604,2009,62310
2109403,2009,13874
2110104,2009,24077
2102200,2010,27044
2102309,2010,23197
2103703,2010,33274
2105302,2010,248559
2109007,2010,21366
2102903,2011,22242
2105401,2011,63080
2109056,2011,6125
2101202,2012,101733
2102002,2012,39661
2103604,2012,62805
2105427,2012,25168
2102606,2013,19383
2105609,2013,15746
2106607,2013,32552
2107506,2013,112258
2108207,2013,39647
2110856,2013,10298
2110906,2013,12077
2111508,2013,39959
2112308,2013,39660
2112456,2013,24529
2101004,2014,29480
2104628,2014,7412
2105989,2014,7093
2108207,2014,39644
2111805,2014,17373
2103208,2015,78480
2105708,2015,46881
2114007,2015,47496
2100600,2016,38964
2106409,2016,16439
2108058,2016,16024
2111631,2016,6064
2100105,2017,6232
2100402,2017,7071
2103174,2017,18204
2103554,2017,15271
2106300,2017,16160
2106672,2017,8815
2108504,2017,32567
2108603,2017,83723
2111078,2017,17716
2100055,2018,109471
2101905,2018,20722
2106003,2019,11656
2109239,2019,5392
2102309,2020,23319
2103307,2020,120248
2104651,2020,10994
2106003,2020,11660
2106326,2020,21184
2111706,2020,20439
2100550,2021,7248
2101806,2021,5615
2105708,2021,46480
2106672,2021,8979
2112233,2021,22747
2101251,2022,17134
2111607,2023,19078
2103000,2002,149424
2104099,2002,14611
2105401,2002,54820
2106359,2002,7430
2100477,2003,32634
2105906,2003,14955
2107258,2003,4326
2108207,2003,40847
2109205,2003,10192
2109700,2003,5487
2110906,2003,12080
2102325,2004,59982
2102556,2004,12789
2103257,2004,12981
2108454,2004,19307
2111763,2004,14776
2112274,2004,5727
2101202,2005,98059
2103257,2005,13132
2107506,2005,87965
2114007,2005,48778
2101731,2006,6187
2104552,2006,13850
2105401,2006,59002
2106631,2006,10956
2107605,2006,18253
2111250,2006,7693
2112308,2006,38540
2101350,2007,5229
2102002,2007,39558
2103554,2007,13507
2109551,2007,7234
2111607,2007,16913
2112274,2007,5717
2109239,2008,6402
2111409,2008,20766
2114007,2008,49707
2106359,2009,7889
2111201,2009,153591
2102408,2010,10770
2104602,2010,14015
2107308,2010,4668
2112274,2010,5687
2103125,2011,7998
2106300,2011,17885
2106904,2011,31278
2107209,2011,12567
2107605,2011,18968
2107803,2011,33828
2108207,2011,39602
2110203,2011,33336
2111250,2011,7587
2102077,2012,14807
2103406,2012,47587
2106805,2012,14415
2107407,2012,18862
2111078,2013,17641
2111532,2013,12606
2104651,2014,10741
2110856,2014,10215
2111052,2014,10867
2101608,2015,85688
2107258,2015,5095
2101400,2016,93317
2101400,2017,95005
2103109,2017,10576
2106359,2017,7670
2110039,2017,24807
2103257,2018,13602
2104008,2018,18770
2104800,2018,70896
2105401,2018,63525
2106375,2018,13900
2106631,2018,16413
2107902,2018,17875
2108207,2018,39383
2102309,2019,23353
2104503,2019,10545
2105476,2019,16964
2108256,2019,24606
2111201,2019,220394
2112100,2019,28038
2101939,2020,5949
2102804,2020,24745
2104008,2020,18832
2112308,2020,38523
2106326,2021,21327
2110500,2021,46757
2102309,2022,23158
2103406,2022,43884
2109700,2022,5715
2112308,2022,37984
2105500,2023,25280
2105989,2023,7225
2101251,2002,11488
2102036,2002,19192
2101707,2003,44756
2105807,2003,10243
2106003,2003,11265
2114007,2003,48148
2103000,2004,151207
2104404,2004,17875
2105153,2004,10550
2109452,2004,20791
2111607,2004,16245
2102374,2005,8019
2103802,2005,22819
2105104,2005,24042
2102374,2006,8103
2103307,2006,118751
2104909,2006,12759
2106359,2006,7734
2107100,2006,16928
2104099,2007,16452
2105005,2007,25261
2107001,2007,9943
2110856,2007,9515
2112704,2007,46888
2113009,2007,31357
2101400,2008,78217
2101509,2008,17177
2105708,2008,45748
2108900,2008,21679
2109270,2008,16716
2102002,2009,40094
2108900,2009,21198
2111532,2009,11903
2112100,2009,28460
2100501,2010,10834
2105989,2010,6944
2111748,2010,10282
2100907,2011,43309
2101202,2011,100979
2101905,2011,21021
2102002,2011,39975
2105922,2011,11024
2107100,2011,18015
2111748,2011,10348
2102309,2012,23273
2102705,2012,20898
2106359,2012,7908
2105302,2013,256457
2106201,2013,6731
2109304,2013,11011
2111748,2013,10408
2112506,2013,54057
2103158,2014,11676
2103257,2014,13824
2107407,2014,18851
2107704,2014,19996
2109403,2014,14269
2110906,2014,12123
2114007,2014,48036
2101400,2015,91518
2112456,2015,26253
2105351,2016,14393
2107407,2016,18811
2107803,2016,33472
2110039,2016,24727
2111706,2016,20830
2104099,2017,17963
2108454,2017,21563
2112852,2018,11051
2101608,2019,87058
2101707,2019,64333
2104073,2019,8307
2111250,2019,7319
2105963,2020,11505
2109452,2020,30541
2112001,2020,8849
2102556,2021,12857
2105658,2021,5266
2105922,2021,10941
2100402,2022,6733
2101103,2022,12100
2101608,2022,87614
2102903,2022,24613
2104099,2022,18176
2104677,2022,24090
2106102,2022,11930
2108207,2022,38746
2110039,2022,24894
2110104,2022,24630
2102036,2023,29653
2104057,2023,34582
2101731,2002,5701
2108108,2002,20464
2109007,2002,18070
2102705,2003,18723
2104909,2003,13024
2106672,2003,7939
2107001,2003,10442
2107209,2003,9532
2107902,2003,16068
2111409,2003,22340
2101772,2004,9685
2102101,2004,30592
2107100,2004,16347
2107704,2004,19451
2108058,2004,12778
2101103,2005,11035
2106201,2005,6238
2107605,2005,18128
2100477,2006,32565
2101970,2006,6163
2102903,2006,20980
2104305,2006,8949
2105922,2006,10977
2100501,2007,10730
2102309,2007,22926
2104008,2007,19213
2105807,2007,10464
2107902,2007,17034
2111706,2007,20691
2112852,2007,10027
2114007,2007,49433
2102705,2008,19848
2110104,2008,23862
2111631,2008,6721
2100550,2009,6372
2104073,2009,8155
2110278,2009,13460
2101608,2010,83249
2102903,2010,21993
2103406,2010,47732
2108207,2010,39650
2111706,2010,21133
2105906,2011,15645
2106003,2011,11553
2107001,2011,9544
2112233,2011,20743
2103000,2012,158997
2110237,2012,11785
2101608,2013,84728
2102309,2013,23301
2106409,2013,15789
2106672,2013,8456
2111102,2013,25296
2102705,2014,21671
2102903,2015,23322
2106904,2015,30785
2108454,2015,21628
2111508,2015,40240
2101004,2016,29815
2101251,2016,16158
2102077,2016,14063
2105963,2016,11159
2109809,2016,41112
2100956,2017,29608
2105153,2017,13712
2105658,2017,5146
2106508,2017,22637
2111805,2017,17480
2112407,2017,37297
2100873,2018,12775
2104073,2018,8291
2105450,2018,8165
2104602,2019,14326
2109304,2019,11005
2111078,2019,17652
2100873,2020,12316
2101301,2020,17054
2112704,2020,46825
2102358,2021,13692
2103257,2021,13432
2111532,2021,14301
2113009,2021,32060
2100105,2022,6292
2103554,2022,15292
2113009,2022,32025
2102804,2023,24650
2109759,2023,6857
2100402,2002,6531
2106672,2002,7919
2111003,2002,19935
2111078,2002,15784
2112209,2002,139519
2112902,2002,30585
2100832,2003,12777
2101004,2003,27999
2101772,2003,9550
2108702,2003,24191
2100477,2004,32609
2101004,2004,28116
2105948,2004,9264
2106755,2004,19867
2106904,2004,28384
2108702,2004,23898
2110856,2004,8564
2112407,2004,33072
2102606,2005,18238
2104057,2005,29739
2104107,2005,12337
2107001,2005,10184
2110278,2005,11866
2100154,2006,10976
2100808,2006,12703
2101202,2006,98602
2102325,2006,62598
2102754,2006,10764
2111789,2006,9302
2100550,2007,6251
2101004,2007,28464
2103257,2007,13464
2105906,2007,15394
2112233,2007,19878
2101350,2008,5268
2102903,2008,21496
2106508,2008,21729
2107209,2008,11517
2110237,2008,11273
2111904,2009,10587
2112233,2009,20337
2112605,2009,28588
2104099,2010,17243
2109106,2010,45059
2111607,2010,17488
2100477,2011,31845
2101772,2011,10445
2110856,2011,10392
2112704,2011,50327
2100709,2012,25065
2105351,2012,14341
2109452,2012,27008
2111904,2012,10584
2112407,2012,34950
2105401,2013,63495
2105450,2013,8577
2111607,2013,17965
2100204,2014,21401
2105450,2014,8514
2105708,2014,46879
2105948,2014,9020
2111607,2014,18126
2102309,2015,23373
2102374,2015,9132
2104701,2015,6222
2109304,2015,11072
2112852,2015,11232
2102309,2016,23382
2112274,2016,5802
2101970,2017,7598
2105302,2017,267999
2106003,2017,11654
2107605,2018,20616
2111672,2018,5287
2104057,2019,35556
2108306,2019,34696
2109759,2019,7066
2102507,2020,17483
2102903,2020,24329
2105153,2020,14059
2106904,2020,29764
2108058,2020,16830
2102804,2021,24745
2104206,2021,17522
2110609,2021,27996
2100303,2022,23962
2101772,2022,11912
2105609,2022,15408
2108108,2022,20921
2109270,2022,17955
2111052,2022,10282
2101707,2023,67172
2104206,2023,17389
2106706,2023,21520
2108306,2023,33803
2108603,2023,87425
2109106,2023,46574
2102309,2002,22469
2106102,2002,10708
2110401,2002,17135
2111706,2002,19636
2103505,2003,38209
2105104,2003,23366
2109502,2003,21367
2110203,2003,26301
2100105,2004,5239
2105963,2004,9483
2108454,2005,19639
2102408,2006,10473
2107258,2006,4603
2109106,2006,43656
2110807,2006,4989
2100477,2007,32524
2102358,2007,15659
2102705,2007,19682
2104701,2007,6266
2108454,2007,20392
2108306,2008,35428
2105948,2009,9026
2106607,2009,31748
2109551,2009,7349
2111573,2009,4331
2102507,2010,18712
2102556,2010,13553
2105401,2010,62650
2107209,2010,12255
2107258,2010,4901
2110039,2010,23821
2111409,2010,20233
2100154,2011,11695
2100501,2011,10880
2106359,2011,7928
2108504,2011,31693
2110401,2011,18103
2111607,2011,17647
2101251,2012,15268
2104503,2012,10372
2104800,2012,63919
2106409,2012,15543
2106300,2013,17408
2109759,2013,7229
2111763,2013,14805
2102077,2014,14436
2103174,2014,18919
2104008,2014,18599
2104602,2014,14187
2106003,2014,11621
2111102,2014,25402
2102408,2015,10886
2102705,2015,22065
2103604,2015,62909
2108009,2015,18791
2111201,2015,189207
2112407,2015,36509
2102002,2016,38040
2104081,2016,10046
2104602,2016,14249
2101103,2017,12020
2102325,2017,63004
2110104,2017,24798
2111763,2017,15004
2100204,2018,20440
2100550,2018,7076
2103604,2018,62650
2110104,2018,24791
2110658,2018,7744
2110906,2018,12266
2100477,2019,28708
2102606,2019,20120
2108009,2019,19120
2108900,2019,18706
2112209,2019,173488
2104107,2020,12927
2107001,2020,9464
2108900,2020,18480
2107407,2021,18592
2109452,2021,30943
2110104,2021,24711
2111409,2021,18770
2102150,2022,9636
2105948,2022,9028
2107704,2022,18948
2111078,2022,17431
2103802,2023,23596
2105609,2023,15315
2109700,2023,5686
2111508,2023,40242
2101509,2002,15939
2104008,2002,20879
2108405,2002,13985
2100154,2003,10470
2104404,2003,17928
2109270,2003,15168
2112001,2003,6904
2100873,2004,12161
2102200,2004,25545
2107258,2004,4417
2111672,2004,5270
2104206,2005,17213
2105476,2005,14974
2110005,2005,71013
2112100,2005,28290
2101939,2006,5444
2106102,2006,11207
2107506,2006,90950
2108207,2007,40093
2108306,2007,35066
2105427,2008,25257
2108108,2008,20657
2110401,2008,17716
2110906,2008,12036
2100832,2009,14853
2103505,2009,39337
2106904,2009,30930
2108108,2009,20658
2111508,2009,39248
2111631,2009,6476
2103802,2010,22936
2111078,2010,17407
2111508,2010,39452
2101400,2011,83954
2102408,2011,10812
2103901,2011,10807
2105005,2011,26691
2106672,2011,8251
2108108,2011,20680
2105609,2012,15766
2106904,2012,31212
2109270,2012,17489
2110609,2012,27177
2100303,2013,24437
2101939,2013,5757
2103208,2013,76465
2104057,2013,36420
2105005,2013,27008
2105807,2013,10442
2111805,2013,17326
2103604,2014,62898
2104677,2014,25688
2106755,2014,25040
2107001,2014,9520
2108256,2014,23806
2101731,2015,7569
2104073,2015,8278
2109403,2015,14295
2111029,2015,14999
2100055,2016,108725
2103000,2016,161883
2104057,2016,36096
2101004,2017,29939
2105922,2017,11001
2108702,2017,22761
2110005,2017,66095
2100709,2018,25944
2101400,2018,96672
2102325,2018,62206
2104677,2018,25016
2105906,2018,15546
2106300,2018,15842
2109700,2018,5689
2111607,2018,18668
2111631,2018,5995
2103406,2019,45292
2103802,2019,23587
2105153,2019,13959
2107456,2019,13873
2110658,2019,7852
2112506,2019,55017
2101772,2020,11711
2102408,2020,10651
2104628,2020,7355
2105203,2020,10627
2111748,2020,10484
2101004,2021,30409
2101509,2021,19204
2106607,2021,33395
2101202,2022,107197
2101509,2022,19311
2102077,2022,12829
2109239,2022,4986
2102309,2023,23049
2103505,2023,41703
2107605,2023,21453
2109551,2023,7601
2110039,2023,24869
2102325,2002,57386
2104628,2002,6967
2109106,2002,42061
2103208,2003,66255
2105427,2003,24685
2106300,2003,15155
2109056,2003,6453
2109809,2003,33364
2112100,2003,28162
2112407,2003,32926
2101301,2004,17184
2111789,2004,9121
2103505,2005,38596
2104628,2005,7194
2105427,2005,24927
2108256,2005,20470
2110302,2005,14672
2111631,2005,7554
2111904,2005,10624
2112902,2005,31027
2113009,2005,31290
2100402,2006,7129
2101772,2006,9922
2101905,2006,20988
2104404,2006,17795
2109452,2006,22591
2103802,2007,22883
2105450,2007,7559
2105658,2007,5339
2106300,2007,16917
2109908,2007,82065
2102036,2008,26223
2104677,2008,26497
2111748,2008,10037
2112308,2008,39283
2102556,2009,13496
2103174,2009,19373
2104057,2009,34981
2106375,2009,13228
2102150,2010,11006
2104503,2010,10255
2105807,2010,10535
2107902,2010,17694
2108454,2010,21354
2103109,2011,10444
2101905,2012,21013
2103257,2012,13888
2106607,2012,32360
2108207,2012,39616
2102408,2013,10864
2102705,2013,21286
2105153,2013,13066
2106805,2013,14436
2112274,2013,5751
2102309,2014,23337
2106359,2014,7834
2109759,2014,7208
2110005,2014,68715
2111672,2014,5783
2111722,2014,11551
2112001,2014,8247
2112605,2014,31271
2100600,2015,38948
2101301,2015,17454
2102101,2015,34995
2105963,2015,11055
2106631,2015,15444
2110237,2015,11589
2110278,2015,14302
2106326,2016,20468
2106706,2016,21228
2106805,2016,14477
2106904,2016,30594
2109304,2016,11085
2110104,2016,24781
2101509,2017,18534
2101772,2017,11334
2102150,2017,10218
2107803,2017,33344
2109908,2017,87074
2110708,2017,34855
2101608,2018,86690
2102507,2018,17792
2102606,2018,20006
2104701,2018,6215
2110401,2018,18881
2106300,2019,15537
2110708,2019,35108
2100832,2020,17344
2101350,2020,5446
2102002,2020,36190
2102200,2020,30091
2109205,2020,11749
2110039,2020,24918
2111409,2020,18954
2111532,2020,14122
2106201,2021,7243
2108256,2021,24731
2110658,2021,8027
2100808,2022,14199
2103505,2022,41693
2107209,2022,14303
2109403,2022,14058
2110906,2022,12378
2111805,2022,17548
2112209,2022,179367
2112233,2022,22867
2101905,2023,20121
2102705,2023,24679
2102903,2023,24726
2107357,2023,14826
2107407,2023,18393
2109270,2023,17927
2111789,2023,10422
2112803,2023,53006
2105153,2002,9934
2106300,2002,14717
2106706,2002,20630
2107506,2002,79356
2107704,2002,19082
2110104,2002,22418
2110609,2002,24165
2110807,2002,5247
2111201,2002,122876
2104628,2003,7056
2108900,2003,24470
2111201,2003,127221
2101806,2004,5483
2103802,2004,22807
2104107,2004,12326
2105427,2004,24805
2106409,2004,13207
2107308,2004,4678
2100501,2005,10645
2103000,2005,152141
2103158,2005,8215
2106300,2005,16034
2108306,2005,34238
2108504,2005,30573
2110609,2005,25155
2109007,2006,19791
2110104,2006,23396
2110278,2006,12279
2111672,2006,5576
2114007,2006,49126
2101905,2007,21009
2102507,2007,18513
2106805,2007,14185
2100105,2008,5717
2102002,2008,39867
2104503,2008,10037
2108504,2008,31191
2109809,2008,36835
2111102,2008,24780
2100154,2009,11454
2101509,2009,17354
2102507,2009,18689
2105807,2009,10531
2107506,2009,99876
2112803,2009,49497
2101350,2011,5366
2101509,2011,17616
2102200,2011,27356
2102358,2011,15080
2105948,2011,8969
2110500,2011,41055
2112274,2011,5709
2104305,2012,10409
2105104,2012,25717
2111789,2012,9819
2101509,2013,17884
2103109,2013,10495
2105427,2013,25044
2105708,2013,46860
2108504,2013,32056
2104073,2014,8257
2107209,2014,13317
2107357,2014,18327
2110500,2015,43294
2111706,2015,20922
2111763,2015,14923
2100402,2016,7155
2100550,2016,6936
2107100,2016,18688
2105351,2017,14382
2110237,2017,11431
2100956,2018,29111
2103752,2018,13945
2102507,2019,17642
2106805,2019,14462
2106904,2019,29989
2111300,2019,1076177
2111409,2019,19130
2111672,2019,5168
2102358,2020,13855
2104081,2020,10646
2104701,2020,6230
2110807,2020,4611
2114007,2020,44608
2102374,2021,9770
2103174,2021,17258
2105963,2021,11564
2110005,2021,62275
2111706,2021,20323
2100477,2022,27374
2105104,2022,25536
2106326,2022,21444
2111300,2022,1086497
2100436,2023,24705
2104909,2023,10608
2111250,2023,7144
2113009,2023,31981
2104701,2002,6309
2106201,2002,6022
2108058,2002,12229
2108256,2002,19242
2100907,2003,39053
2102036,2003,20270
2107357,2003,17829
2111029,2003,17440
2111250,2003,7726
2111748,2003,9288
2109700,2004,5498
2102325,2005,61270
2102408,2005,10394
2104404,2005,17821
2110500,2005,36888
2105906,2006,15286
2108454,2006,20019
2110609,2006,25506
2105351,2007,13508
2105989,2007,6680
2107100,2007,17177
2112209,2007,150019
2100956,2008,32488
2103125,2008,7716
2103406,2008,47254
2105609,2008,15762
2106672,2008,8096
2108207,2008,39929
2108256,2008,21850
2110005,2008,71632
2101350,2009,5314
2105609,2009,15790
2107605,2009,18613
2100105,2010,5910
2100436,2010,25485
2104552,2010,15668
2105450,2010,8502
2109403,2010,14047
2110658,2010,6974
2101608,2011,83708
2105500,2011,24222
2109759,2012,7233
2111532,2012,12373
2102200,2013,28086
2106375,2013,13772
2110302,2013,14545
2105427,2014,24901
2107100,2014,18453
2112803,2014,51007
2102556,2015,13319
2105203,2015,10671
2106375,2015,13803
2108801,2015,18280
2101509,2016,18378
2104099,2016,17902
2112506,2016,54690
2112852,2016,11189
2106409,2017,16623
2109759,2017,7136
2111052,2017,10662
2112704,2017,48144
2102036,2018,29621
2108058,2018,16445
2100105,2019,6268
2102408,2019,10721
2106375,2019,13981
2108405,2019,12427
2110237,2019,11284
2111748,2019,10481
2100402,2020,6887
2101707,2020,65044
2103257,2020,13499
2110609,2020,28013
2100436,2021,25032
2101103,2021,12102
2102606,2021,20290
2104677,2021,24345
2104909,2021,10910
2107100,2021,18969
2108504,2021,32671
2111631,2021,5905
2112407,2021,38221
2102804,2022,24698
2105302,2022,281061
2108405,2022,11731
2109502,2022,22532
2110807,2022,4557
2111029,2022,12987
2100907,2023,40614
2101939,2023,5975
2103257,2023,13250
2104651,2023,10972
2105450,2023,7670
2106102,2023,11889
2106805,2023,14334
2110906,2023,12365
2112001,2023,9029
2111672,2002,4971
2106755,2003,19074
2100436,2004,23174
2104701,2004,6288
2109007,2004,18916
2111250,2004,7713
2111409,2004,22001
2104503,2005,9626
2105922,2005,10955
2107407,2005,18488
2107456,2005,11852
2103208,2006,69188
2101251,2007,13557
2103307,2007,119133
2112001,2007,7397
2104073,2008,8135
2104305,2008,9649
2105401,2008,61038
2109205,2008,11252
2110609,2008,26138
2103000,2009,156471
2103307,2009,119778
2105153,2009,12193
2108702,2009,22628
2112506,2009,52151
2103554,2010,14447
2106805,2010,14358
2109205,2010,11584
2109908,2010,83845
2111003,2010,20290
2111763,2010,14673
2102374,2011,8535
2103174,2011,19482
2106631,2011,13885
2108306,2011,35890
2111953,2011,5486
2100154,2012,11809
2102325,2012,66356
2104628,2012,7427
2104677,2012,25903
2105948,2012,8976
2106706,2012,20796
2109551,2012,7452
2111078,2012,17600
2106631,2013,14661
2111706,2013,21062
2102556,2014,13387
2104057,2014,36338
2105351,2014,14386
2105609,2014,15724
2111409,2014,19803
2102507,2015,18232
2105104,2015,25954
2106003,2015,11636
2106672,2015,8663
2111607,2015,18288
2103505,2016,40927
2110203,2016,35681
2111805,2016,17464
2100907,2017,42522
2102754,2017,11354
2104701,2017,6215
2106102,2017,11888
2108306,2017,35000
2103802,2018,23511
2107407,2018,18718
2108009,2018,19045
2108603,2018,84439
2111532,2018,13736
2101202,2019,106150
2106631,2019,16662
2107258,2019,5153
2111763,2019,15076
2105104,2020,25767
2105351,2020,14346
2110401,2020,18875
2110500,2020,46213
2111763,2020,15105
2105427,2021,23601
2106508,2021,22695
2107456,2021,13926
2102556,2022,12757
2104057,2022,34844
2105153,2022,14216
2106508,2022,22647
2107100,2022,18976
2111748,2022,10477
2100154,2023,12423
2103174,2023,16755
2103901,2023,10494
2105401,2023,62497
2105948,2023,8990
2107308,2023,4415
2107506,2023,148800
2111953,2023,5107
2112605,2023,33832
2100204,2002,22147
2102150,2002,14389
2102754,2002,10842
2105906,2002,14852
2111409,2002,22687
2105989,2003,6242
2101202,2004,97648
2109551,2004,7017
2111706,2004,20069
2100055,2005,99406
2100436,2005,23579
2102002,2005,38846
2105005,2005,24322
2106706,2005,20650
2109403,2005,12838
2111052,2005,10975
2107407,2006,18607
2111607,2006,16704
2112233,2006,19635
2106102,2007,11304
2108256,2007,21401
2110302,2007,14606
2110401,2007,17611
2108009,2008,17714
2106102,2009,11459
2107407,2009,18835
2100402,2010,7525
2100956,2010,32349
2104206,2010,17414
2104305,2010,10213
2110237,2010,11744
2112803,2010,49771
2103307,2011,120227
2105450,2011,8617
2112605,2011,29790
2112852,2011,11365
2102374,2012,8682
2107100,2012,18171
2110906,2012,12036
2100154,2013,11891
2101400,2013,87748
2101806,2013,5514
2102507,2013,18464
2104552,2013,16518
2106904,2013,31081
2103802,2014,23242
2104081,2014,9728
2104552,2014,16781
2108306,2014,35520
2110278,2014,14229
2104057,2015,36235
2107605,2015,19971
2111631,2015,6101
2112605,2015,31726
2103802,2016,23402
2104800,2016,68771
2106805,2017,14468
2109452,2017,29257
2110302,2017,14667
2100808,2018,14327
2106672,2018,8869
2109056,2018,6171
2111300,2018,1070992
2101970,2019,7680
2103604,2019,62568
2105427,2019,24004
2109205,2019,11779
2109700,2019,5702
2110039,2019,24896
2111805,2019,17545
2112308,2019,38726
2100204,2020,19929
2101004,2020,30335
2101509,2020,19059
2105302,2020,276428
2101251,2021,17007
2102150,2021,9769
2103109,2021,10548
2103307,2021,119840
2106409,2021,17195
2106805,2021,14423
2111904,2021,10576
2103174,2022,17013
2103752,2022,14533
2106755,2022,24640
2107001,2022,9402
2111003,2022,19229
2104628,2023,7245
2105153,2023,14275
2105963,2023,11655
2109452,2023,31666
2100477,2002,32638
2100907,2002,38413
2102077,2002,12716
2109502,2002,21502
2100303,2003,20750
2104602,2003,13431
2108405,2003,14022
2110807,2003,5176
2103604,2004,60243
2110401,2004,17275
2100402,2005,6984
2105989,2005,6448
2106805,2005,14008
2108801,2005,16529
2112506,2005,48123
2105351,2006,13233
2111631,2006,7263
2102408,2007,10557
2104628,2007,7312
2105922,2007,11007
2107605,2007,18368
2109056,2007,6243
2110104,2007,23639
2102556,2008,13388
2103703,2008,33734
2105948,2008,9071
2100204,2009,22164
2101707,2009,52965
2107357,2009,19616
2108306,2009,35726
2110005,2009,71662
2110203,2009,31946
2111300,2009,1017088
2111805,2009,17082
2100477,2010,32129
2101509,2010,17498
2103505,2010,39498
2105153,2010,12473
2108405,2010,14201
2109700,2010,5536
2111250,2010,7622
2100204,2011,21983
2102036,2011,28799
2102705,2011,20541
2111706,2011,21143
2102754,2012,10914
2108256,2012,23306
2108702,2012,22498
2109908,2012,84930
2108900,2013,20027
2109205,2013,11769
2100402,2014,7306
2100709,2014,25423
2101103,2014,11826
2101400,2014,89629
2103554,2015,15138
2104909,2015,11744
2100154,2016,12130
2100303,2016,24472
2104073,2016,8285
2109106,2016,46029
2105476,2017,16685
2112233,2017,22013
2105302,2018,270748
2109007,2018,23340
2102077,2019,13457
2102903,2019,24165
2105005,2020,27010
2105401,2020,63278
2109809,2020,42355
2111201,2020,228748
2112852,2020,10922
2100477,2021,27840
2101350,2021,5432
2103000,2021,163592
2109270,2021,17974
2109809,2021,42561
2111250,2021,7244
2100709,2022,26177
2101905,2022,20261
2101939,2022,5985
2104107,2022,12940
2107456,2022,13916
2111722,2022,9345
2100501,2023,11360
2101806,2023,5595
2102325,2023,57827
2103208,2023,83675
2111102,2023,25911
2103406,2002,45499
2103703,2002,35227
2104651,2002,10452
2105427,2002,24547
2105609,2002,15480
2111722,2002,9241
2108603,2003,73576
2105708,2004,43332
2109304,2004,9978
2112704,2004,42746
2100709,2005,22877
2101731,2005,6053
2107209,2005,10307
2111573,2005,4234
2100832,2006,13902
2101103,2006,11140
2101350,2006,5186
2103158,2006,8786
2104800,2006,56447
2106508,2006,21281
2108504,2006,30796
2112209,2006,148030
2104107,2007,12361
2109700,2007,5528
2111201,2007,144819
2100907,2008,42267
2104404,2008,17754
2109007,2008,20630
2100303,2009,23649
2107902,2009,17524
2108504,2009,31371
2109759,2009,7116
2112001,2009,7647
2104503,2011,10322
2105302,2011,250519
2107407,2011,18870
2108702,2011,22441
2102507,2012,18582
2105005,2012,26883
2109700,2012,5569
2110708,2012,34220
2100550,2013,6678
2103802,2013,23154
2103901,2013,10845
2108108,2013,20823
2108454,2013,21616
2111003,2013,20200
2104701,2014,6221
2110302,2014,14592
2102036,2015,29418
2105906,2015,15661
2106300,2015,16801
2110906,2015,12167
2111805,2015,17425
2101939,2016,5823
2102606,2016,19801
2103406,2016,46489
2109403,2016,14279
2109551,2016,7572
2110906,2016,12202
2108801,2017,18384
2111102,2017,25674
2101772,2018,11462
2103109,2018,10575
2103406,2018,45695
2111409,2018,19278
2111904,2018,10618
2105302,2019,273680
2106102,2019,11938
2110500,2019,45607
2111029,2019,13850
2111052,2019,10528
2105807,2020,10048
2106201,2020,7196
2106375,2020,14056
2108454,2020,21347
2101400,2021,101535
2104073,2021,8302
2109205,2021,11726
2111607,2021,18970
2111722,2021,9599
2111805,2021,17575
2110658,2022,8101
2111763,2022,15093
2101970,2023,7751
2105005,2023,26656
2105203,2023,10506
2100600,2002,34032
2103554,2002,11811
2108207,2002,41093
2109304,2002,9716
2112233,2002,18788
2102754,2003,10813
2111003,2003,19987
2111102,2003,24168
2105104,2004,23712
2105302,2004,244864
2105609,2004,15582
2107209,2004,9919
2107506,2004,85052
2101608,2005,80530
2102754,2005,10766
2107258,2005,4509
2109809,2005,34739
2109908,2005,80564
2111508,2005,38095
2100709,2006,23264
2103109,2006,10322
2103125,2006,7382
2103703,2006,34285
2103752,2006,12573
2104057,2006,31043
2104503,2006,9769
2105104,2006,24377
2111003,2006,20155
2111532,2006,11670
2102101,2007,32101
2106607,2007,31248
2111573,2007,4280
2104800,2008,59031
2106375,2008,12748
2108058,2008,13839
2112902,2008,31441
2102408,2009,10706
2103703,2009,33490
2103752,2009,12536
2104701,2009,6235
2105427,2009,25309
2105500,2009,24294
2105658,2009,5079
2105203,2010,10598
2106672,2010,8180
2108009,2010,18127
2108603,2010,78205
2110005,2010,71438
2111805,2010,17167
2112001,2010,7764
2112506,2010,52893
2103802,2011,22981
2105427,2011,25261
2106508,2011,22203
2111052,2011,10981
2111722,2011,12216
2111904,2011,10572
2112902,2011,31722
2102556,2012,13513
2107902,2012,17834
2111631,2012,6168
2100436,2013,25662
2108801,2013,18031
2105104,2014,25897
2105807,2014,10395
2105922,2014,11027
2106706,2014,21017
2101970,2015,7477
2111102,2015,25511
2105807,2016,10290
2108009,2016,18885
2110609,2016,27862
2111052,2016,10735
2112407,2016,36939
2102903,2017,23768
2109601,2017,40532
2109700,2017,5677
2111250,2017,7382
2102150,2018,10098
2105609,2018,15586
2108504,2018,32626
2101772,2019,11585
2102101,2019,35410
2106672,2019,8913
2107001,2019,9470
2108504,2019,32673
2110609,2019,28017
2103554,2020,15327
2107100,2020,18952
2110237,2020,11200
2104057,2021,35104
2106359,2021,7387
2110302,2021,14709
2104305,2022,10455
2104404,2022,17701
2110237,2022,10995
2100832,2023,17815
2106607,2023,33344
2108058,2023,17327
2111706,2023,20033
2111748,2023,10457
2100873,2002,11423
2102556,2002,12433
2103604,2002,59462
2105708,2002,42057
2106409,2002,12637
2110278,2002,10672
2102325,2003,58689
2106326,2003,16390
2107605,2003,17934
2109759,2003,6448
2112274,2003,5738
2100154,2004,10636
2102036,2004,21386
2102606,2004,18054
2105351,2004,12652
2103554,2005,12795
2103703,2005,34520
2109551,2005,7089
2105153,2006,11194
2108207,2006,40230
2110658,2006,6751
2111763,2006,14753
2100055,2007,101882
2109239,2007,6302
2110708,2007,34363
2111409,2007,21065
2103174,2008,19126
2111201,2008,149153
2102077,2009,14787
2104305,2009,9964
2106409,2009,14762
2109205,2009,11444
2110302,2009,14511
2111748,2009,10176
2112209,2009,153686
2107704,2010,20385
2109551,2010,7390
2103505,2011,39692
2106409,2011,15304
2109304,2011,10882
2111003,2011,20268
2103109,2012,10473
2110500,2012,41578
2111763,2012,14737
2104099,2013,17589
2105500,2013,24481
2107803,2013,33736
2109056,2014,6153
2103158,2015,11798
2109205,2015,11813
2111904,2015,10640
2102903,2016,23566
2111508,2016,40322
2112209,2016,167153
2101301,2017,17264
2103406,2017,46104
2104602,2017,14276
2105609,2017,15615
2106607,2017,33141
2108108,2017,20996
2109007,2017,23108
2111201,2017,204311
2111607,2017,18551
2111748,2017,10449
2101251,2018,16525
2102556,2018,13085
2104057,2018,35729
2107357,2018,16681
2100600,2019,38901
2100873,2019,12547
2104651,2019,10989
2105203,2019,10636
2110807,2019,4635
2102325,2020,60575
2111102,2020,25905
2100907,2021,41359
2102002,2021,35675
2102507,2021,17294
2103554,2021,15309
2109239,2021,5110
2100055,2022,110516
2104073,2022,8280
2106805,2022,14384
2110302,2022,14686
2101509,2023,19385
2104099,2023,18154
2104800,2023,75640
2107803,2023,32454
2100154,2002,10311
2104057,2002,26153
2105302,2002,243344
2109551,2002,6878
2109759,2002,6339
2111763,2002,14779
2103174,2003,17351
2111607,2003,16013
2101251,2004,12291
2102077,2004,13330
2106300,2004,15590
2108009,2004,16769
2110005,2004,70807
2110104,2004,22906
2114007,2004,48470
2102556,2005,12947
2103109,2005,10285
2108058,2005,13054
2111078,2006,16542
2106003,2007,11439
2106409,2007,14140
2109304,2007,10418
2109403,2007,13383
2111748,2007,9884
2106003,2008,11484
2107456,2008,12701
2107803,2008,33603
2108603,2008,76925
2109056,2008,6195
2109452,2008,24307
2101251,2009,14379
2102804,2009,24190
2103802,2009,22917
2104628,2009,7399
2111409,2009,20474
2111763,2009,14682
2103307,2010,120013
2107803,2010,33829
2111102,2010,25007
2112209,2010,155383
2112407,2010,34035
2105609,2011,15777
2105708,2011,46752
2108058,2011,14619
2109403,2011,14149
2112209,2011,157089
2102606,2012,19227
2103174,2012,19355
2105153,2012,12887
2108058,2012,14920
2110401,2012,18272
2112100,2012,28449
2112506,2012,53796
2114007,2012,49097
2101301,2013,17616
2102325,2013,65754
2104404,2014,17764
2105153,2014,13241
2111631,2014,6122
2111953,2014,5411
2102200,2015,28786
2105658,2015,5087
2111300,2015,1057111
2108306,2016,35185
2109601,2016,40572
2100832,2017,16750
2102358,2017,14286
2104404,2017,17777
2105104,2017,25957
2106201,2017,7011
2111003,2017,19894
2111722,2017,10715
2101707,2018,63534
2104404,2018,17772
2105500,2018,25067
2107258,2018,5146
2109304,2018,11033
2111706,2018,20627
2112407,2018,37581
2103703,2019,33042
2104628,2019,7364
2106359,2019,7538
2100600,2020,38838
2102077,2020,13261
2105708,2020,46613
2110104,2020,24757
2100600,2021,38755
2105476,2021,17241
2107902,2021,17786
2109007,2021,24028
2101707,2022,66429
2105476,2022,17337
2100477,2023,26883
2105104,2023,25419
2105302,2023,283028
2105906,2023,15164
2107704,2023,18778
2109056,2023,6105
2112233,2023,22954
2100303,2002,20343
2103554,2003,12135
2106508,2003,20612
2103125,2004,7046
2105658,2004,5759
2106631,2004,9723
2109759,2004,6570
2111532,2004,11502
2104008,2005,19824
2106003,2005,11335
2100907,2006,41010
2101608,2006,81168
2106201,2006,6297
2107803,2006,33233
2110856,2006,9186
2111409,2006,21362
2112407,2006,33382
2100436,2007,24442
2107803,2007,33420
2108900,2007,22196
2110500,2007,38423
2112100,2007,28404
2100402,2008,7365
2102358,2008,15498
2105906,2008,15491
2102036,2009,27394
2103554,2009,14180
2104206,2009,17394
2112456,2009,21478
2108504,2010,31530
2109452,2010,25888
2112852,2010,11239
2112902,2010,31640
2103752,2011,12681
2109106,2011,45256
2111201,2011,162840
2103703,2012,33115
2104552,2012,16267
2107506,2012,108937
2111052,2012,10953
2102002,2013,39277
2103703,2013,33110
2111250,2013,7538
2100436,2014,25647
2100550,2014,6762
2102325,2014,65122
2103125,2014,7899
2104305,2014,10448
2109601,2014,40519
2101806,2015,5539
2101939,2015,5806
2103752,2015,13429
2104552,2015,17046
2107456,2015,13670
2110302,2015,14631
2112001,2015,8376
2112506,2015,54532
2103901,2016,10837
2105153,2016,13573
2105989,2016,7144
2107001,2016,9504
2109759,2016,7163
2102200,2017,29363
2102507,2017,17947
2103901,2017,10798
2106706,2017,21301
2110658,2017,7652
2101731,2018,8008
2101939,2019,5912
2104008,2019,18815
2105658,2019,5210
2110302,2019,14715
2104099,2020,18147
2109007,2020,23823
2109239,2020,5256
2105203,2021,10603
2105609,2021,15483
2111789,2021,10388
2112456,2021,30710
2109551,2022,7633
2109601,2022,40088
2111953,2022,5164
2112001,2022,8985
2100055,2023,110521
2103604,2023,61632
2106409,2023,17413
2111573,2023,5856
2112852,2023,10658
2112902,2023,31941
2101905,2002,20927
2103109,2002,10215
2104677,2002,27438
2107803,2002,32535
2109601,2002,36511
2111532,2002,11334
2112506,2002,44792
2101939,2003,5266
2104081,2003,5960
2111532,2003,11422
2111672,2003,5119
2111805,2003,16223
2105989,2004,6339
2107357,2004,18175
2112233,2004,19178
2104552,2005,13372
2105658,2005,5624
2106631,2005,10333
2109056,2005,6345
2110104,2005,23144
2100303,2006,22108
2103554,2006,13150
2107902,2006,16771
2108702,2006,23373
2109304,2006,10268
2112605,2006,26469
2102754,2007,10772
2109759,2007,6909
2110609,2007,25831
2110807,2007,4942
2100832,2008,14540
2104602,2008,13869
2112209,2008,151864
2101772,2009,10228
2102101,2009,33145
2106201,2009,6460
2107100,2009,17643
2100550,2010,6426
2104057,2010,35912
2106375,2010,13570
2112100,2010,28466
2104602,2011,14057
2109270,2011,17375
2111805,2011,17222
2100402,2012,7457
2102101,2012,34286
2102200,2012,27717
2104404,2012,17723
2109403,2012,14210
2110039,2012,24161
2100105,2013,6081
2103125,2013,7945
2111300,2013,1045181
2111953,2013,5444
2103554,2014,15040
2111250,2014,7511
2104651,2015,10830
2105302,2015,262565
2105450,2015,8431
2109551,2015,7545
2109759,2015,7196
2111052,2015,10802
2111722,2015,11275
2103158,2016,11910
2107456,2016,13744
2108702,2016,22752
2113009,2016,31803
2100303,2017,24404
2100808,2017,14341
2101251,2017,16349
2102408,2017,10842
2105906,2017,15598
2107407,2017,18763
2107456,2017,13785
2112852,2017,11111
2105476,2018,16810
2105922,2018,10997
2110005,2018,65163
2110039,2018,24849
2112233,2018,22197
2105989,2019,7209
2111532,2019,13931
2100154,2020,12356
2105906,2020,15442
2105989,2020,7230
2109270,2020,17975
2109759,2020,7017
2110302,2020,14729
2112274,2020,5761
2104305,2021,10466
2107209,2021,14219
2102358,2022,13512
2104008,2022,18790
2104909,2022,10767
2107308,2022,4466
2107357,2022,15205
2111904,2022,10535
2104404,2023,17634
2104552,2023,18734
2106326,2023,21551
2106375,2023,14092
2110237,2023,10869
2103307,2002,118055
2105922,2002,10858
2107258,2002,4233
2107902,2002,15845
2114007,2002,47823
2101350,2003,5027
2102606,2003,17881
2106409,2003,12917
2111052,2003,10929
2111722,2003,9638
2100055,2004,98180
2100907,2004,39693
2102507,2004,18128
2110658,2004,6643
2111102,2004,24266
2112100,2004,28223
2100873,2005,12546
2102036,2005,22546
2105153,2005,10861
2107803,2005,33019
2108207,2005,40369
2110401,2005,17359
2112001,2005,7146
2100055,2006,100690
2103604,2006,61103
2109551,2006,7160
2110039,2006,23104
2102325,2007,63880
2103174,2007,18813
2103505,2007,39002
2104057,2007,32373
2104651,2007,10391
2110237,2007,10950
2111631,2007,6985
2101103,2008,11324
2103000,2008,155479
2103257,2008,13623
2104008,2008,18914
2106904,2008,30511
2102150,2009,11309
2103125,2009,7861
2105302,2009,247580
2110237,2009,11548
2102036,2010,28294
2102754,2010,10785
2108256,2010,22684
2107308,2011,4656
2110807,2011,4785
2101772,2012,10587
2101939,2012,5726
2104057,2012,36485
2104073,2012,8212
2105476,2012,16067
2112605,2012,30318
2112704,2012,50144
2105922,2013,11030
2108306,2013,35666
2110500,2013,42124
2112407,2013,35501
2112456,2014,25384
2103125,2015,7846
2105476,2015,16453
2108306,2015,35364
2111250,2015,7473
2105203,2016,10666
2105948,2016,9050
2106607,2016,33050
2108454,2016,21612
2100550,2017,7012
2102002,2017,37559
2109106,2017,46110
2112209,2017,169118
2106102,2018,11923
2106326,2018,20825
2109908,2018,87368
2110302,2018,14683
2111763,2018,15035
2112605,2018,32749
2102358,2019,14008
2103109,2019,10571
2104404,2019,17782
2101103,2020,12105
2101806,2020,5612
2102101,2020,35424
2103109,2020,10567
2105948,2020,9072
2107209,2020,14158
2111052,2020,10457
2112456,2020,30021
2100808,2021,14238
2102903,2021,24475
2104800,2021,73900
2105153,2021,14144
2105450,2021,7855
2107357,2021,15579
2112902,2021,32111
2101970,2022,7769
2109205,2022,11678
2110708,2022,35278
2112506,2022,55087
2101400,2023,104507
2102200,2023,30596
2102507,2023,16889
2110856,2023,9308
2104107,2002,12251
2110203,2002,25387
2110302,2002,14749
2112456,2002,17875
2101202,2003,97265
2103000,2003,150325
2105450,2003,6200
2106102,2003,10846
2108306,2003,33426
2110856,2003,8260
2111789,2003,9035
2109502,2004,21229
2110203,2004,27238
2103406,2005,46183
2104081,2005,6770
2111532,2005,11580
2100105,2006,5476
2101509,2007,16994
2104073,2007,8122
2106201,2007,6354
2108603,2007,76293
2100808,2008,13403
2102150,2008,11690
2104099,2008,16741
2108454,2008,20757
2109759,2008,7020
2111573,2008,4313
2112506,2008,51241
2112704,2008,48218
2102374,2009,8328
2106508,2009,21934
2106805,2009,14315
2109270,2009,17004
2109908,2009,83314
2106326,2010,19103
2106359,2010,7925
2108058,2010,14346
2108108,2010,20649
2111201,2010,158041
2100055,2011,105655
2100402,2011,7505
2105351,2011,14293
2108801,2011,17687
2109759,2011,7224
2110658,2011,7040
2101400,2012,85855
2105963,2012,10724
2107258,2012,4992
2108108,2012,20756
2108603,2012,79762
2110005,2012,70287
2111003,2012,20249
2111409,2012,19982
2101905,2013,20998
2103257,2013,13855
2106102,2013,11674
2107209,2013,13096
2109239,2013,6259
2109700,2013,5596
2101350,2014,5413
2101970,2014,7400
2102606,2014,19526
2106300,2014,17108
2108405,2014,13525
2103802,2015,23331
2106359,2015,7795
2106508,2015,22541
2107209,2015,13539
2111672,2015,5663
2112274,2015,5794
2107506,2016,122842
2111953,2016,5365
2103158,2017,12015
2103604,2017,62763
2105989,2017,7161
2110807,2017,4668
2111052,2018,10594
2111201,2018,212172
2104552,2019,17978
2105104,2019,25853
2105450,2019,8063
2105948,2019,9068
2107605,2019,20823
2112605,2019,33012
2102556,2020,12938
2105609,2020,15531
2108207,2020,39144
2108504,2020,32692
2108603,2020,85882
2100956,2021,27621
2102309,2021,23252
2110039,2021,24919
2110856,2021,9538
2100154,2022,12409
2100956,2022,27122
2101731,2022,8451
2104800,2022,74772
2106375,2022,14115
2108009,2022,19224
2108900,2022,17983
2110005,2022,61214
2114007,2022,43321
2100956,2023,26634
2102002,2023,34567
2110500,2023,47610
2112209,2023,180821
2101707,2002,43474
2105609,2003,15536
2111631,2003,8144
2101970,2004,5660
2106375,2004,10639
2108108,2004,20561
2108256,2004,20050
2109403,2004,12568
2101970,2005,5906
2109700,2005,5516
2102101,2006,31572
2103257,2006,13301
2104701,2006,6272
2111102,2006,24508
2112100,2006,28349
2100550,2008,6305
2105450,2008,7916
2105658,2008,5202
2105922,2008,11015
2106102,2008,11382
2109601,2008,39339
2112274,2008,5701
2101301,2009,17743
2101806,2009,5509
2102903,2009,21747
2103901,2009,10706
2104552,2009,15276
2105104,2009,25216
2108058,2009,14092
2112407,2009,33796
2100873,2010,14243
2103109,2010,10424
2106755,2010,24450
2100436,2011,25617
2109239,2011,6494
2110302,2011,14480
2111763,2011,14689
2112100,2011,28447
2113009,2011,31375
2101350,2012,5386
2104099,2012,17494
2104701,2012,6208
2106672,2012,8355
2109205,2012,11741
2111508,2012,39802
2101103,2013,11744
2110658,2013,7227
2102804,2014,24424
2103208,2014,77490
2105302,2014,259570
2108702,2014,22654
2111078,2014,17683
2100550,2015,6855
2107100,2015,18587
2101103,2016,11977
2104628,2016,7400
2105104,2016,25980
2106375,2016,13829
2108207,2016,39583
2111789,2016,10127
2112233,2016,21826
2105203,2017,10655
2108256,2017,24373
2111573,2017,5159
2103000,2018,162711
2107704,2018,19459
2109106,2018,46227
2100550,2019,7150
2100907,2019,42001
2111706,2019,20540
2106755,2020,24875
2107357,2020,15955
2109700,2020,5715
2111250,2020,7289
2112233,2020,22594
2104701,2021,6221
2105401,2021,63055
2111763,2021,15100
2112506,2021,55105
2102002,2022,35133
2103000,2022,163569
2105708,2022,46296
2109759,2022,6917
2112274,2022,5698
2112803,2022,52911
2112902,2022,32035
2100808,2023,14149
2102150,2023,9492
2105427,2023,23152
2112506,2023,55060
2101202,2002,96843
2101301,2002,16839
2104909,2002,13136
2105989,2002,6128
2107308,2002,4709
2111052,2002,10902
2100105,2003,5140
2101731,2003,5813
2102374,2003,7840
2102507,2003,17991
2104206,2003,17206
2107100,2003,16029
2108801,2003,16163
2112209,2003,141690
2112233,2003,18987
2102408,2004,10329
2108801,2004,16336
2110609,2004,24836
2111573,2004,4208
2102358,2005,15926
2103208,2005,68123
2104602,2005,13582
2106359,2005,7659
2111078,2005,16317
2101400,2006,74168
2104651,2006,10396
2107209,2006,10708
2111573,2006,4262
2111904,2006,10623
2104206,2007,17314
2106631,2007,11575
2109809,2007,36148
2110658,2007,6812
2111805,2007,16835
2100600,2008,37350
2101970,2008,6638
2106706,2008,20656
2109304,2008,10562
2111029,2008,16668
2111789,2008,9482
2112233,2008,20111
2100477,2009,32322
2100907,2009,42805
2105351,2009,14010
2109106,2009,44777
2111102,2009,24910
2112852,2009,10925
2101772,2010,10328
2104107,2010,12353
2105906,2010,15622
2110278,2010,13762
2111789,2010,9653
2101103,2011,11574
2101707,2011,55631
2104099,2011,17376
2105658,2011,4974
2106102,2011,11558
2110278,2011,13957
2100808,2012,14210
2103554,2012,14805
2105708,2012,46834
2100600,2013,38816
2104305,2013,10426
2102408,2014,10880
2109551,2014,7521
2112407,2014,36015
2104008,2015,18664
2109239,2015,5984
2103307,2016,121033
2104404,2016,17781
2104552,2016,17289
2105500,2016,24891
2112605,2016,32126
2100873,2017,13015
2102804,2017,24619
2105401,2017,63618
2105948,2017,9054
2111532,2017,13542
2102358,2018,14139
2104206,2018,17539
2105427,2018,24187
2105963,2018,11344
2109601,2018,40470
2110807,2018,4650
2111029,2018,14127
2111573,2018,5290
2112100,2018,28110
2102754,2019,11485
2105005,2019,27110
2107100,2019,18907
2107506,2019,134034
2103901,2020,10676
2107902,2020,17842
2109106,2020,46490
2111607,2020,18893
2101202,2021,106951
2101905,2021,20418
2105401,2022,62782
2101608,2023,87633
2102101,2023,35337
2111409,2023,18349
2105203,2002,9850
2105450,2002,5879
2107209,2002,9148
2108454,2002,18668
2109452,2002,19016
2103901,2003,10126
2104651,2003,10437
2104057,2004,28507
2105450,2004,6522
2106102,2004,10973
2109056,2004,6397
2111631,2004,7845
2112209,2004,143810
2112852,2004,8666
2100105,2005,5351
2100477,2005,32583
2100907,2005,40344
2102705,2005,19253
2107100,2005,16639
2111748,2005,9570
2112209,2005,145900
2104628,2006,7264
2105302,2006,246239
2107357,2006,18827
2108306,2006,34665
2100154,2007,11132
2102374,2007,8187
2107357,2007,19117
2111722,2007,11254
2112902,2007,31321
2100709,2008,24000
2105104,2008,24954
2105302,2008,247058
2105500,2008,24437
2106359,2008,7851
2107001,2008,9811
2111953,2008,5460
2112100,2008,28439
2100436,2009,25224
2100808,2009,13712
2101939,2009,5637
2102705,2009,20041
2104677,2009,26319
2105906,2009,15573
2110658,2009,6922
2111078,2009,17240
2100154,2010,11592
2101202,2010,100374
2101806,2010,5514
2103257,2010,13860
2104651,2010,10382
2107100,2010,17833
2110203,2010,32717
2110609,2010,26714
2101970,2011,7177
2102325,2011,66732
2106607,2011,32157
2108009,2011,18267
2110237,2011,11801
2103802,2012,23050
2108306,2012,35804
2100709,2013,25250
2106003,2013,11594
2101202,2014,103269
2101608,2014,85217
2102507,2014,18353
2103000,2014,160605
2104206,2014,17517
2109007,2014,22415
2109452,2014,27945
2111904,2014,10626
2102150,2015,10435
2102606,2015,19671
2103257,2015,13782
2107001,2015,9520
2112902,2015,32082
2100105,2016,6212
2101608,2016,86072
2101905,2016,20882
2102150,2016,10330
2104677,2016,25403
2106003,2016,11645
2109239,2016,5829
2111003,2016,19999
2111029,2016,14703
2111573,2016,5038
2102036,2017,29567
2102101,2017,35277
2103752,2017,13796
2107001,2017,9481
2102408,2018,10784
2103174,2018,17963
2103208,2018,80869
2106607,2018,33229
2106706,2018,21379
2107100,2018,18842
2111250,2018,7341
2111805,2018,17503
2109106,2019,46372
2110104,2019,24785
2111102,2019,25848
2111508,2019,40458
2113009,2019,31995
2106102,2020,11950
2106359,2020,7467
2107308,2020,4528
2110005,2020,63290
2111029,2020,13570
2107704,2021,19111
2108405,2021,11967
2108702,2021,22626
2110807,2021,4586
2111300,2021,1084310
2114007,2021,43988
2101350,2022,5415
2104628,2022,7298
2104651,2022,10990
2110856,2022,9435
2100204,2023,19060
2100303,2023,23855
2101350,2023,5381
2104305,2023,10428
2100055,2002,95619
2102705,2002,18420
2103158,2002,6637
2109809,2002,32681
2112274,2002,5750
2112803,2002,47055
2100055,2003,96911
2103125,2003,6886
2104099,2003,15016
2104305,2003,7926
2104800,2003,52577
2105658,2003,5896
2106607,2003,30238
2110237,2003,9550
2112506,2003,45917
2112803,2003,47432
2103752,2004,12564
2109601,2004,37489
2110807,2004,5105
2111904,2004,10656
2112506,2004,47033
2109270,2005,15799
2112233,2005,19395
2103174,2006,18473
2105500,2006,24767
2108603,2006,75618
2109205,2006,10843
2111052,2006,10994
2100600,2007,36761
2101707,2007,50203
2103125,2007,7541
2103604,2007,61548
2106904,2007,30009
2111508,2007,38722
2111953,2007,5439
2102200,2008,26534
2103307,2008,119454
2105203,2008,10441
2106755,2008,23103
2106805,2008,14245
2107704,2008,20186
2111607,2008,17121
2102606,2009,18831
2103109,2009,10408
2106755,2009,23860
2109239,2009,6501
2111706,2009,21039
2100303,2010,24025
2101301,2010,17767
2101970,2010,7044
2103174,2010,19516
2104073,2010,8169
2106003,2010,11547
2111532,2011,12164
2100907,2012,43317
2108405,2012,13915
2110807,2012,4762
2111250,2012,7573
2112274,2012,5725
2101202,2013,102526
2102036,2013,29182
2103406,2013,47367
2104677,2013,25810
2105476,2013,16186
2107704,2013,20125
2102150,2014,10533
2103901,2014,10849
2105203,2014,10661
2101905,2015,20933
2102002,2015,38472
2103307,2015,121037
2104107,2015,12692
2104628,2015,7408
2105005,2015,27194
2107704,2015,19855
2108058,2015,15764
2110807,2015,4722
2111003,2015,20080
2100709,2016,25728
2101707,2016,61721
2104107,2016,12757
2104305,2016,10459
2110807,2016,4697
2112803,2016,51548
2100600,2017,38929
2103505,2017,41094
2105427,2017,24373
2105450,2017,8256
2111672,2017,5413
2114007,2017,46307
2101301,2018,17180
2103307,2018,120703
2110708,2018,34968
2112274,2018,5785
2100402,2019,6950
2100956,2019,28630
2101905,2019,20645
2103000,2019,163171
2103505,2019,41426
2106201,2019,7135
2106508,2019,22699
2107803,2019,33146
2103158,2020,12360
2107506,2020,137936
2110203,2020,37238
2100154,2021,12388
2101970,2021,7743
2102408,2021,10574
2109304,2021,10901
2101301,2022,16848
2105203,2022,10560
2105351,2022,14264
2105500,2022,25283
2108504,2022,32619
2100402,2023,6644
2102606,2023,20366
2108454,2023,21009
2100436,2002,22386
2102200,2002,25131
2103802,2002,22802
2105476,2002,14477
2105658,2002,6037
2100873,2003,11791
2102804,2003,24574
2104008,2003,20527
2108009,2003,16558
2108108,2003,20518
2110708,2003,34656
2100501,2004,10620
2103174,2004,17739
2106607,2004,30477
2108900,2005,23247
2110039,2005,22861
2110856,2005,8874
2100550,2006,6172
2108801,2006,16735
2112704,2006,45532
2101608,2007,81753
2103901,2007,10535
2108801,2007,16931
2100055,2008,102997
2102325,2008,65109
2107605,2008,18491
2107902,2008,17288
2109106,2008,44426
2110500,2008,39164
2103257,2009,13763
2108405,2009,14242
2110401,2009,17827
2110856,2009,10123
2103000,2010,157328
2104677,2010,26136
2106904,2010,31205
2109270,2010,17220
2110708,2010,34091
2110807,2010,4801
2101939,2011,5698
2106201,2011,6579
2108900,2011,20474
2110005,2011,70941
2102903,2012,22516
2103208,2012,75394
2105658,2012,4974
2111706,2012,21123
2112456,2012,23678
2101350,2013,5404
2105989,2013,7060
2108256,2013,23571
2109908,2013,85464
2113009,2013,31556
2102200,2014,28440
2108603,2014,81476
2112209,2014,163075
2112308,2014,39560
2103505,2015,40717
2108603,2015,82298
2109452,2015,28399
2113009,2015,31735
2109205,2016,11815
2111250,2016,7426
2101905,2017,20809
2102556,2017,13151
2103307,2017,120897
2104057,2017,35923
2109403,2017,14261
2112902,2017,32132
2109205,2018,11790
2112209,2018,171213
2112308,2018,38897
2103125,2019,7590
2111953,2019,5276
2104552,2020,18203
2106409,2020,17069
2106631,2020,16925
2109601,2020,40359
2112407,2020,38043
2104628,2021,7324
2107308,2021,4492
2106706,2022,21533
2109809,2022,42729
2102358,2023,13326
2105476,2023,17407
2106003,2023,11586
2106300,2023,14276
2108504,2023,32563
2101608,2002,78859
2101970,2002,5184
2111508,2002,37275
2100501,2003,10593
2104057,2003,27313
2105500,2003,25152
2100402,2004,6842
2103505,2004,38409
2104081,2004,6352
2104305,2004,8258
2112902,2004,30884
2101251,2005,12712
2106102,2005,11096
2106607,2005,30707
2111003,2005,20097
2102200,2006,26033
2106409,2006,13831
2106706,2006,20666
2107308,2006,4679
2109270,2006,16124
2110708,2006,34441
2100832,2007,14219
2100873,2007,13329
2102036,2007,24965
2102200,2007,26289
2107456,2007,12418
2111300,2007,997508
2100477,2008,32438
2101731,2008,6410
2102077,2008,14542
2105807,2008,10507
2102200,2009,26776
2102754,2009,10760
2104099,2009,17024
2101251,2010,14728
2102606,2010,18952
2105104,2010,25430
2105708,2010,46585
2107605,2010,18760
2100873,2011,14245
2101806,2011,5512
2104552,2011,15983
2104800,2011,62686
2105989,2011,7000
2104107,2012,12467
2104602,2012,14110
2105401,2012,63358
2108454,2012,21584
2108900,2012,20242
2110203,2012,33850
2100873,2013,13913
2102101,2013,34546
2103505,2013,40197
2105963,2013,10832
2109403,2013,14250
2109502,2013,20985
2112209,2013,160984
2112852,2013,11342
2101806,2014,5525
2103703,2014,33109
2104800,2014,66381
2110500,2014,42717
2101251,2015,15952
2101509,2015,18218
2109601,2015,40567
2110039,2015,24616
2108405,2016,13096
2109056,2016,6175
2111607,2016,18429
2101350,2017,5447
2103257,2017,13657
2105005,2017,27227
2107308,2017,4593
2108058,2017,16242
2111029,2017,14416
2102200,2018,29616
2103158,2018,12120
2104107,2018,12844
2104651,2018,10973
2105351,2018,14365
2111722,2018,10435
2112001,2018,8675
2100154,2019,12308
2102200,2019,29875
2103158,2019,12240
2106755,2019,24950
2108603,2019,85192
2103208,2020,82188
2103703,2020,33031
2103802,2020,23642
2106607,2020,33378
2108256,2020,24677
2109403,2020,14177
2109502,2020,22295
2101707,2021,65740
2103752,2021,14412
2103901,2021,10626
2106631,2021,17183
2109908,2021,88063
2110401,2021,18855
2112308,2021,38268
2105906,2022,15272
2106003,2022,11638
2106904,2022,29221
2109452,2022,31312
2100105,2023,6276
2109205,2023,11642
2102101,2002,29748
2109239,2002,5690
2105153,2003,10228
2108256,2003,19637
2108504,2003,30214
2106003,2004,11295
2107407,2004,18380
2111078,2004,16121
2112001,2004,7030
2113009,2004,31275
2100808,2005,12353
2101350,2005,5133
2103174,2005,18112
2104073,2005,8055
2105906,2005,15177
2105948,2005,9208
2102804,2006,24375
2103802,2006,22860
2110401,2006,17479
2105609,2007,15734
2106375,2007,12224
2111250,2007,7681
2111672,2007,5732
2102101,2008,32638
2104651,2008,10366
2107506,2008,96878
2110658,2008,6863
2111300,2008,1007507
2101202,2009,99924
2105203,2009,10534
2108454,2009,21101
2103752,2010,12571
2105609,2010,15791
2112605,2010,29218
2104701,2011,6209
2109700,2011,5550
2110708,2011,34110
2111078,2011,17521
2101301,2012,17683
2102358,2012,14960
2107704,2012,20250
2109056,2012,6135
2110856,2012,10375
2111102,2012,25182
2111672,2012,6001
2104503,2013,10416
2107902,2013,17848
2108702,2013,22580
2112803,2013,50698
2100105,2014,6126
2101707,2014,59419
2101939,2014,5781
2102101,2014,34775
2105005,2014,27108
2109239,2014,6117
2109502,2014,21182
2110237,2014,11658
2112274,2014,5773
2113009,2014,31647
2106102,2015,11806
2106706,2015,21133
2108702,2015,22718
2112803,2015,51296
2101202,2016,104558
2101350,2016,5448
2102507,2016,18094
2102705,2016,22439
2103257,2016,13734
2105609,2016,15662
2105708,2016,46840
2106102,2016,11852
2107357,2016,17488
2108256,2016,24231
2100204,2017,20698
2100832,2018,16956
2104099,2018,18037
2105948,2018,9059
2106805,2018,14456
2108108,2018,20999
2109551,2018,7599
2111078,2018,17691
2100832,2019,17155
2100709,2020,26127
2105922,2020,10968
2109304,2020,10960
2113009,2020,32043
2100055,2021,110428
2100402,2021,6815
2102036,2021,29745
2102754,2021,11589
2105807,2021,9966
2111672,2021,4923
2111953,2021,5204
2102705,2022,24412
2104701,2022,6206
2107407,2022,18495
2110401,2022,18812
2111607,2022,19034
2102077,2023,12619
2105658,2023,5259
2108009,2023,19222
2109304,2023,10806
2111052,2023,10178
2104800,2002,51332
2109270,2002,14852
2101301,2003,17008
2102101,2003,30163
2107308,2003,4694
2107803,2003,32694
2109452,2003,19894
2102705,2004,18998
2104206,2004,17202
2104503,2004,9507
2102077,2005,13623
2107357,2005,18504
2108009,2005,16967
2111201,2005,136014
2100436,2006,24016
2103406,2006,46540
2103752,2007,12566
2109205,2007,11050
2110203,2007,30092
2111052,2007,11014
2100436,2008,24858
2102374,2008,8258
2104057,2008,33737
2108405,2008,14217
2110708,2008,34251
2110807,2008,4887
2111508,2008,38999
2111722,2008,11655
2103208,2009,72271
2107308,2009,4668
2100709,2010,24638
2100907,2010,43159
2104404,2010,17722
2108256,2011,23010
2112456,2011,22862
2100204,2012,21808
2102036,2012,29058
2109007,2012,21906
2110104,2012,24478
2103604,2013,62857
2103752,2013,13046
2105203,2013,10658
2109601,2013,40455
2100907,2014,43103
2101731,2014,7378
2108009,2014,18671
2100501,2015,11155
2101350,2015,5434
2105401,2015,63694
2102754,2016,11286
2106201,2016,6953
2108504,2016,32501
2109908,2016,86774
2112308,2016,39283
2100477,2017,29544
2106326,2017,20643
2108009,2017,18974
2102309,2018,23360
2106003,2018,11652
2110856,2018,9826
2103901,2019,10727
2104701,2019,6224
2111904,2019,10624
2100808,2020,14281
2103406,2020,44856
2108405,2020,12201
2110906,2020,12366
2112209,2020,175681
2100832,2021,17511
2100873,2021,12070
2102200,2021,30283
2103208,2021,82726
2105351,2021,14315
2110708,2021,35274
2111508,2021,40426
2104081,2022,10922
2111250,2022,7208
2105708,2023,46083
2106755,2023,24485
2109403,2023,13981
2100550,2002,5781
2104073,2002,7912
2105104,2002,23025
2110237,2002,9183
2111573,2002,4127
2112407,2002,32773
2101251,2003,11888
2101905,2003,20933
2105302,2003,244175
2105476,2003,14644
2109551,2003,6955
2110005,2003,70576
2110039,2003,22381
2101608,2004,79985
2103109,2004,10257
2105005,2004,23881
2111722,2004,10032
2111953,2004,5351
2104651,2005,10406
2112456,2005,19207
2112852,2005,9117
2104677,2006,26847
2111953,2006,5413
2101772,2007,10027
2105948,2007,9116
2100501,2008,10768
2102606,2008,18694
2110203,2008,31039
2112605,2008,27887
2112852,2008,10499
2109502,2009,20601
2110039,2009,23666
2110500,2009,39876
2111953,2009,5479
2109056,2010,6134
2110302,2010,14484
2101004,2011,28894
2112506,2011,53407
2100055,2012,106372
2100436,2012,25664
2101806,2012,5510
2105450,2012,8632
2112209,2012,158967
2100956,2013,31446
2101970,2013,7337
2102077,2013,14630
2102804,2013,24331
2104909,2013,12026
2107357,2013,18736
2108009,2013,18543
2112100,2013,28430
2114007,2013,48578
2106607,2014,32739
2100832,2015,16334
2103174,2015,18696
2103901,2015,10837
2104206,2015,17540
2105153,2015,13415
2109700,2015,5657
2112704,2015,49027
2100501,2016,11205
2100055,2017,109103
2102705,2017,22782
2104677,2017,25216
2100436,2018,25370
2105104,2018,25909
2101350,2019,5445
2103257,2019,13557
2105963,2019,11424
2106706,2019,21449
2107704,2019,19359
2108108,2019,21005
2108702,2019,22729
2109601,2019,40435
2111573,2019,5417
2112407,2019,37835
2112605,2020,33237
2105500,2021,25282
2108108,2021,20984
2111102,2021,25940
2112001,2021,8915
2103109,2022,10514
2104206,2022,17467
2108058,2022,17165
2111789,2022,10405
2112407,2022,38402
2112456,2022,31424
2112605,2022,33626
2106359,2023,7209
2110658,2023,8149
2112274,2023,5643
2100956,2002,32038
2102606,2002,17694
2106326,2002,16026
2107456,2002,11002
2111029,2002,17571
2111805,2002,16054
2100436,2003,22786
2103604,2003,59847
2106805,2003,13816
2111706,2003,19852
2103901,2004,10238
2108504,2004,30394
2110039,2004,22632
2112308,2005,38147
2101251,2006,13130
2103901,2006,10441
2107456,2006,12139
2109056,2006,6293
2110302,2006,14642
2111722,2006,10842
2112902,2006,31186
2101301,2007,17580
2101939,2007,5506
2102804,2007,24316
2103109,2007,10349
2104552,2007,14341
2105708,2007,45183
2111078,2007,16785
2111102,2007,24646
2112506,2007,50253
2101806,2008,5506
2107407,2008,18771
2110856,2008,9835
2100709,2009,24344
2102325,2009,66140
2104107,2009,12348
2106326,2009,18779
2112308,2009,39584
2114007,2009,49878
2102374,2010,8419
2105658,2010,4998
2105922,2010,11025
2108702,2010,22469
2109502,2010,20555
2109601,2010,40044
2112456,2010,22116
2100303,2011,24266
2102804,2011,24160
2104073,2011,8182
2114007,2011,49539
2100832,2012,15627
2100956,2012,31826
2107001,2012,9529
2112803,2012,50376
2103554,2013,14924
2104701,2013,6225
2105658,2013,4999
2106359,2013,7884
2106508,2013,22388
2106755,2013,24980
2111029,2013,15546
2104107,2014,12620
2107506,2014,115733
2110658,2014,7332
2111201,2014,181767
2111573,2014,4775
2112704,2014,49409
2100808,2015,14332
2105427,2015,24741
2106201,2015,6887
2107357,2015,17905
2108108,2015,20943
2110708,2015,34645
2100204,2016,20950
2103125,2016,7788
2103554,2016,15223
2108108,2016,20981
2111763,2016,14966
2111508,2017,40373
2101103,2018,12063
2108306,2018,34830
2112506,2018,54883
2104099,2019,18094
2104305,2019,10472
2105922,2019,10995
2103174,2020,17507
2107704,2020,19233
2108009,2020,19171
2111789,2020,10346
2100105,2021,6287
2100204,2021,19653
2102705,2021,24115
2104008,2021,18833
2109056,2021,6152
2109759,2021,6960
2101004,2022,30451
2102754,2022,11615
2100709,2023,26184
2102556,2023,12649
2104701,2023,6169
2106508,2023,22581
2112456,2023,32172
2100709,2002,21736
2111102,2002,24080
2101509,2003,16151
2105708,2003,42702
2105922,2003,10894
2106359,2003,7503
2109007,2003,18496
2100303,2004,21162
2101905,2004,20941
2106672,2004,7981
2110906,2004,12074
2111201,2004,131617
2102804,2005,24418
2105708,2005,43941
2109304,2005,10111
2101004,2006,28354
2105450,2006,7212
2105708,2006,44585
2106607,2006,30983
2106672,2006,8038
2107704,2006,19829
2108009,2006,17222
2108058,2006,13343
2109403,2006,13116
2101103,2007,11236
2102606,2007,18567
2106359,2007,7801
2107704,2007,20027
2110005,2007,71500
2110906,2007,12044
2111532,2007,11753
2112456,2007,20312
2100873,2008,13721
2105005,2009,26113
2108207,2009,39775
2109007,2009,21032
2109601,2009,39735
2100600,2010,38309
2101400,2010,82096
2102325,2010,66726
2102705,2010,20250
2106508,2010,22101
2107001,2010,9602
2103158,2011,11279
2103208,2011,74304
2104107,2011,12392
2105104,2011,25586
2100501,2012,10948
2107209,2012,12851
2109601,2012,40362
2104008,2013,18522
2104081,2013,9564
2106326,2013,19851
2107308,2013,4640
2111722,2013,11811
2102036,2014,29297
2105963,2014,10948
2106375,2014,13794
2100105,2015,6170
2104305,2015,10451
2108207,2015,39638
2110401,2015,18691
2111078,2015,17717
2112100,2015,28357
2102200,2016,29093
2105401,2016,63692
2111409,2016,19586
2103125,2017,7724
2104651,2017,10946
2112456,2017,27880
2100600,2018,38903
2102754,2018,11423
2104628,2018,7377
2112803,2018,52050
2114007,2018,45730
2105807,2019,10111
2108207,2019,39286
2109502,2019,22119
2110005,2019,64254
2102606,2020,20216
2106672,2020,8951
2103158,2021,12461
2104602,2021,14350
2105005,2021,26903
2105989,2021,7239
2107803,2021,32879
2111748,2021,10490
2103703,2022,32886
2105963,2022,11617
2108454,2022,21123
2110203,2022,37847
2103406,2023,43393
2104081,2023,11040
2104602,2023,14289
2106904,2023,28897
2111201,2023,250953
2102374,2002,7731
2103125,2002,6731
2106003,2002,11238
2108306,2002,32999
2111748,2002,9153
2103703,2003,34999
2104503,2003,9380
2109239,2003,5815
2109908,2003,79118
2110609,2003,24505
2102358,2004,16078
2107803,2004,32859
2108405,2004,14045
2112456,2004,18737
2112605,2004,25021
2105351,2005,12938
2106326,2005,17167
2105427,2006,25065
2106003,2006,11389
2106805,2006,14103
2109759,2006,6798
2110906,2006,12063
2111789,2007,9389
2104628,2008,7348
2104909,2008,12587
2107258,2008,4767
2111003,2008,20251
2100105,2009,5816
2103158,2009,10540
2103406,2009,47564
2107258,2009,4845
2109452,2009,25145
2110708,2009,34156
2100055,2010,104916
2100204,2010,22106
2101103,2010,11490
2101731,2010,6668
2102002,2010,40147
2106102,2010,11520
2108900,2010,20793
2109304,2010,10799
2101731,2011,6836
2102309,2011,23233
2107456,2011,13325
2110609,2011,26958
2106631,2012,14290
2112233,2012,20962
2107407,2013,18854
2109056,2013,6142
2102002,2014,38881
2102374,2014,8982
2103752,2014,13238
2106201,2014,6811
2106805,2014,14454
2101004,2015,29662
2101103,2015,11911
2105807,2015,10353
2107506,2015,119299
2108405,2015,13313
2110609,2015,27731
2105450,2016,8356
2106300,2016,16484
2101939,2017,5838
2102077,2017,13857
2106904,2017,30386
2107704,2017,19590
2111631,2017,6038
2100477,2018,29121
2101350,2018,5453
2102903,2018,23976
2106359,2018,7601
2106409,2018,16780
2110278,2018,14358
2110609,2018,27977
2112456,2018,28621
2101251,2019,16698
2104107,2019,12894
2105906,2019,15500
2110906,2019,12323
2112274,2019,5776
2112902,2019,32169
2100550,2020,7204
2104909,2020,11062
2101731,2021,8342
2103505,2021,41644
2103604,2021,62201
2105906,2021,15363
2110203,2021,37566
2112704,2021,46313
2112803,2021,52790
2100436,2022,24875
2102325,2022,58770
2102374,2022,9849
2110278,2022,14314
2101251,2023,17267
2102408,2023,10404
2105351,2023,14201
2107001,2023,9336
2104305,2002,7600
2108801,2002,15990
2110658,2002,6533
2110856,2002,7967
2111250,2002,7743
2105351,2003,12372
2108454,2003,18977
2109601,2003,37003
2101350,2004,5080
2102309,2004,22600
2104073,2004,8012
2104651,2004,10413
2106359,2004,7585
2112308,2004,37782
2110708,2005,34504
2101707,2006,48804
2102309,2006,22814
2104099,2006,16137
2107001,2006,10069
2108900,2006,22708
2109239,2006,6185
2112852,2006,9568
2103406,2007,46906
2103703,2007,34009
2105153,2007,11527
2108405,2007,14177
2106409,2008,14449
2109700,2008,5524
2110039,2008,23497
2111706,2008,20878
2107456,2009,12965
2112704,2009,49394
2113009,2009,31348
2105476,2010,15804
2106607,2010,31956
2106631,2010,13425
2102606,2011,19077
2104677,2011,25998
2109007,2011,21641
2106201,2012,6656
2111748,2012,10388
2100501,2013,11016
2101772,2013,10739
2108405,2013,13727
2110203,2013,34321
2110237,2013,11721
2112605,2013,30812
2100055,2014,107647
2100501,2014,11085
2103505,2014,40455
2107803,2014,33661
2108900,2014,19813
2111706,2014,21000
2102754,2015,11197
2109056,2015,6172
2110658,2015,7445
2110856,2015,10129
2100873,2016,13246
2106672,2016,8744
2106755,2016,25093
2110401,2016,18791
2104206,2017,17538
2104628,2017,7389
2105708,2017,46757
2109809,2017,41482
2110278,2017,14359
2112605,2017,32465
2102077,2018,13651
2103901,2018,10766
2107506,2018,130143
2109452,2018,29676
2102374,2019,9588
2102804,2019,24715
2103208,2019,81576
2105500,2019,25168
2112233,2019,22406
2103000,2020,163485
2104073,2020,8305
2104404,2020,17779
2105427,2020,23827
2107258,2020,5163
2110856,2020,9648
2105302,2021,278889
2106755,2021,24764
2103901,2022,10566
2106359,2022,7313
2107803,2022,32683
2101731,2023,8553
2103125,2023,7293
2104008,2023,18762
2104503,2023,10472
2107456,2023,13912
2108702,2023,22449
2110005,2023,60114
2110302,2023,14649
2103901,2002,10017
2101970,2003,5421
2106375,2003,10085
2112902,2003,30747
2100600,2004,35021
2105922,2004,10920
2106706,2004,20651
2108306,2004,33829
2103125,2005,7210
2106508,2005,21050
2102002,2006,39219
2102507,2006,18395
2104008,2006,19517
2105476,2006,15158
2105658,2006,5485
2105963,2006,9861
2112274,2006,5718
2101731,2007,6296
2105427,2007,25165
2105476,2007,15339
2111904,2007,10608
2100303,2008,23156
2107308,2008,4671
2111250,2008,7666
2112803,2008,49198
2100055,2009,104044
2100501,2009,10792
2108603,2009,77559
2112274,2009,5695
2102101,2010,33601
2106409,2010,15049
2110906,2010,12015
2111953,2010,5481
2100808,2011,14112
2107704,2011,20342
2108405,2011,14092
2109205,2011,11683
2101970,2012,7265
2105906,2012,15664
2107605,2012,19207
2107803,2012,33798
2101251,2013,15508
2103000,2013,159811
2105948,2013,8992
2107258,2013,5029
2106508,2014,22459
2108108,2014,20877
2110039,2014,24464
2111748,2014,10430
2111789,2014,9986
2101772,2015,11053
2102325,2015,64487
2109502,2015,21388
2106359,2016,7738
2108603,2016,83041
2109452,2016,28836
2110302,2016,14650
2111300,2016,1062044
2103703,2017,33033
2107209,2017,13888
2109056,2017,6176
2100303,2018,24331
2101806,2018,5564
2110203,2018,36458
2111748,2018,10459
2100709,2019,26050
2101103,2019,12090
2104909,2019,11190
2111722,2019,10157
2105500,2020,25232
2108108,2020,21009
2109551,2020,7637
2100303,2021,24072
2108207,2021,38972
2108306,2021,34328
2110237,2021,11095
2100204,2022,19358
2100907,2022,40989
2106409,2022,17306
2111532,2022,14460
2103307,2023,118783
2100501,2002,10566
2103257,2002,12671
2104602,2002,13359
2107001,2002,10562
2107605,2002,17843
2109700,2002,5476
2104701,2003,6303
2105948,2003,9313
2107407,2003,18276
2104099,2004,15417
2105203,2004,10040
2106201,2004,6160
2106508,2004,20831
2109106,2004,42845
2112803,2004,47794
2100303,2005,21608
2101905,2005,20962
2102309,2005,22686
2109106,2005,43228
2111300,2005,975354
2111409,2005,21662
2102077,2006,13932
2102705,2006,19478
2104073,2006,8098
2104107,2006,12364
2110203,2006,29141
2108108,2007,20650
2111003,2007,20207
2112803,2007,48886
2109502,2008,20704
2104081,2009,8584
2104404,2009,17737
2105450,2009,8259
2110609,2009,26445
2101350,2010,5343
2104909,2010,12392
2111573,2010,4379
2101301,2011,17740
2104008,2011,18414
2108603,2011,78924
2112308,2011,39806
2105807,2012,10480
2106102,2012,11620
2112902,2012,31832
2100832,2013,15874
2102903,2013,22788
2104602,2013,14146
2108058,2013,15207
2108603,2013,80638
2109106,2013,45612
2109551,2013,7481
2111409,2013,19900
2111631,2013,6145
2100154,2014,11985
2101509,2014,18055
2104503,2014,10453
2106102,2014,11744
2108454,2014,21629
2103703,2015,33107
2106607,2015,32913
2108504,2015,32370
2110104,2015,24736
2101806,2016,5548
2107902,2017,17889
2113009,2017,31865
2103505,2018,41257
2104909,2018,11320
2105807,2018,10159
2106904,2018,30181
2107456,2018,13829
2111789,2018,10246
2113009,2018,31915
2101806,2019,5592
2104677,2019,24815
2105609,2019,15571
2106409,2019,16934
2110278,2019,14372
2101970,2020,7717
2103752,2020,14269
2106508,2020,22706
2107407,2020,18658
2110278,2020,14363
2111805,2020,17573
2101772,2021,11817
2103125,2021,7447
2104099,2021,18183
2111201,2021,236863
2105427,2022,23381
2105807,2022,9889
2100873,2023,11567
2107902,2023,17641
2112100,2023,27476
2100808,2002,11331
2102804,2002,24639
2106375,2002,9543
2106631,2002,8570
2106805,2002,13712
2109908,2002,78349
2103307,2003,118156
2103752,2003,12566
2101400,2004,69913
2103208,2004,67174
2103307,2004,118241
2108603,2004,74236
2108900,2004,23845
2110278,2004,11459
2103901,2005,10346
2112704,2005,44138
2104206,2006,17268
2109908,2006,81336
2100402,2007,7244
2101400,2007,76220
2106508,2007,21503
2107308,2007,4681
2109007,2007,20219
2109270,2007,16428
2109452,2007,23443
2110039,2007,23311
2101939,2008,5572
2105005,2008,25702
2105989,2008,6770
2108702,2008,22858
2109551,2008,7292
2110302,2008,14563
2105989,2009,6866
2102804,2010,24148
2105500,2010,24205
2111532,2010,12009
2103000,2011,158128
2110039,2011,23983
2100873,2012,14115
2102804,2012,24237
2103901,2012,10832
2104206,2012,17461
2106375,2012,13769
2108009,2012,18413
2111029,2012,15807
2112308,2012,39765
2102754,2013,11003
2104800,2013,65150
2105104,2013,25819
2110708,2013,34363
2104099,2014,17700
2111763,2014,14867
2100055,2015,108236
2100907,2015,42956
2107902,2015,17885
2111573,2015,4915
2102036,2016,29510
2105005,2016,27232
2105427,2016,24566
2107704,2016,19733
2110237,2016,11514
2110500,2016,43862
2104305,2017,10455
2105807,2017,10229
2106631,2017,16133
2110856,2017,9931
2112803,2017,51783
2100907,2018,42263
2103125,2018,7655
2106508,2018,22658
2108702,2018,22745
2107209,2019,14087
2107357,2019,16318
2101251,2020,16853
2104305,2020,10472
2107605,2020,21019
2108702,2020,22691
2111003,2020,19537
2111573,2020,5544
2111953,2020,5250
2112803,2020,52595
2105104,2021,25658
2110278,2021,14344
2111052,2021,10366
2102507,2022,17095
2103257,2022,13354
2106300,2022,14585
2111201,2022,244359
2112852,2022,10755
2107209,2023,14402
2111003,2023,19066
2102358,2002,16389
2104552,2002,11994
2105005,2002,22995
2112605,2002,23616
2101400,2003,67760
2102200,2003,25342
2102358,2003,16229
2103158,2003,7129
2107704,2003,19263
2109106,2003,42461
2102150,2004,13443
2103554,2004,12459
2106326,2004,16775
2107456,2004,11563
2111300,2004,964544
2111508,2004,37823
2105401,2005,57923
2106375,2005,11174
2110807,2005,5039
2105005,2006,24812
2107506,2007,93914
2112308,2007,38923
2102408,2008,10630
2105153,2008,11865
2110278,2008,13090
2111672,2008,5873
2105708,2009,46244
2104008,2010,18484
2113009,2010,31338
2102101,2011,33966
2105807,2011,10510
2111409,2011,20077
2112803,2011,50041
2100105,2012,6031
2101707,2012,56959
2109106,2012,45448
2113009,2012,31453
2100808,2013,14262
2102150,2013,10621
2103307,2013,120727
2110807,2013,4750
2106631,2014,15043
2110401,2014,18569
2110807,2014,4736
2111300,2014,1051425
2112233,2014,21405
2109908,2015,86417
2100477,2016,29976
2101301,2016,17357
2101772,2016,11194
2102358,2016,14440
2108900,2016,19365
2110005,2016,67028
2102606,2017,19901
2108900,2017,19137
2111409,2017,19431
2111953,2017,5330
2104305,2018,10458
2104503,2018,10545
2104552,2018,17743
2107803,2018,33234
2108256,2018,24487
2109403,2018,14228
2103752,2019,14120
2112704,2019,47285
2101608,2020,87352
2102036,2020,29736
2103125,2020,7518
2108306,2020,34543
2111300,2020,1080699
2111631,2020,5937
2101939,2021,5972
2106300,2021,14903
2108009,2021,19203
2111003,2021,19393
2101806,2022,5619
2109007,2023,24361
2111532,2023,14578
2111722,2023,9091
2101103,2002,10720
2104081,2002,5586
2106607,2002,30010
2108900,2002,25114
2110708,2002,34704
2100550,2003,5888
2103406,2003,45712
2105203,2003,9942
2111953,2003,5328
2101103,2004,10932
2101939,2004,5321
2104800,2004,53840
2105500,2004,25027
2105906,2004,15066
2109205,2004,10412
2100956,2005,32261
2101806,2005,5485
2105450,2005,6855
2107308,2005,4682
2100600,2006,36152
2102150,2006,12542
2102606,2006,18414
2108108,2006,20633
2111508,2006,38412
2101970,2007,6396
2108504,2007,30999
2109601,2007,38905
2103802,2008,22899
2104602,2009,13953
2106631,2009,12845
2106706,2009,20645
2107704,2009,20329
2111722,2009,12004
2103901,2010,10769
2104701,2010,6225
2107357,2010,19664
2109809,2010,38088
2112308,2010,39761
2101251,2011,15025
2110906,2011,12006
2111102,2011,25089
2106508,2012,22295
2109239,2012,6394
2100204,2013,21609
2109007,2013,22158
2110401,2013,18437
2112001,2013,8126
2102358,2014,14710
2106409,2014,16020
2108504,2014,32221
2109106,2014,45777
2111532,2014,12842
2100956,2015,30572
2101202,2015,103970
2102077,2015,14255
2102804,2015,24513
2104081,2015,9886
2110203,2015,35251
2100832,2016,16548
2107308,2016,4612
2108801,2016,18359
2105963,2017,11254
2106375,2017,13850
2109502,2017,21742
2111789,2017,10181
2100501,2018,11277
2108900,2018,18906
2100055,2019,109886
2101004,2019,30215
2101509,2019,18880
2107407,2019,18699
2109007,2019,23588
2109403,2019,14213
2109809,2019,42102
2112001,2019,8764
2112803,2019,52345
2100105,2020,6278
2100303,2020,24178
2106706,2020,21506
2102325,2021,59696
2103406,2021,44387
2106003,2021,11657
2106904,2021,29507
2107506,2021,141737
2108058,2021,16993
2111078,2021,17521
2112274,2021,5735
2102408,2022,10492
2111706,2022,20170
2104107,2023,12929
2106201,2023,7296
2109908,2023,88126
2110609,2023,27907
2111763,2023,15063
2101400,2002,65614
2102408,2002,10197
2110906,2002,12078
2100402,2003,6682
2106201,2003,6083
2106706,2003,20644
2110658,2003,6587
2100808,2004,12011
2100832,2004,13164
2101731,2004,5931
2107902,2004,16290
2109270,2004,15482
2101004,2005,28219
2108405,2005,14080
2111953,2005,5381
2102036,2006,23749
2106300,2006,16484
2111748,2006,9723
2100709,2007,23642
2100907,2007,41653
2105302,2007,246778
2107258,2007,4689
2107407,2007,18700
2108009,2007,17477
2109502,2007,20847
2101772,2008,10125
2103208,2008,71252
2108801,2008,17131
2100600,2009,37894
2102077,2010,14934
2102358,2010,15206
2107456,2010,13186
2100550,2011,6497
2100832,2011,15382
2102754,2011,10844
2104081,2011,9228
2104909,2011,12280
2112407,2011,34435
2101509,2012,17740
2101608,2012,84215
2103307,2012,120497
2107357,2012,19149
2107456,2012,13438
2108504,2012,31878
2112852,2012,11381
2102358,2013,14846
2104404,2013,17736
2106706,2013,20904
2108058,2014,15482
2109908,2014,85952
2112100,2014,28402
2100204,2015,21182
2103406,2015,46826
2106755,2015,25083
2107407,2015,18835
2108256,2015,24035
2109007,2015,22663
2109809,2015,40667
2112308,2015,39446
2102374,2016,9268
2102556,2016,13233
2103208,2016,79365
2107902,2016,17906
2111904,2016,10638
2112100,2016,28292
2112456,2016,27094
2100501,2017,11245
2101608,2017,86370
2101806,2017,5561
2102309,2017,23379
2110609,2017,27942
2101202,2018,105590
2105153,2018,13838
2105658,2018,5174
2105989,2018,7179
2107308,2018,4576
2110500,2018,44983
2111953,2018,5306
2102556,2019,13013
2103307,2019,120542
2109270,2019,17963
2112852,2019,10986
2101731,2020,8239
2109908,2020,87919
2101301,2021,16958
2104552,2021,18410
2109403,2021,14116
2112605,2021,33430
2102036,2022,29713
2102606,2022,20340
2104552,2022,18584
2105922,2022,10897
2105989,2022,7239
2106631,2022,17420
2108256,2022,24774
2109056,2022,6142
2111508,2022,40335
2111573,2022,5772
2111672,2022,4814
2100550,2023,7307
2109601,2023,39913
2100105,2002,5038
2101004,2002,27879
2106755,2002,18288
2106904,2002,27250
2107100,2002,15702
2108504,2002,30022
2112308,2002,37079
2101103,2003,10833
2102150,2003,13903
2103802,2003,22809
2110278,2003,11067
2111904,2003,10686
2104602,2004,13495
2107001,2004,10309
2111003,2004,20038
2100204,2005,22094
2102903,2005,20680
2104099,2005,15785
2105500,2005,24897
2109452,2005,21690
2110658,2005,6687
2111029,2005,17157
2100204,2006,22119
2105807,2006,10411
2105948,2006,9167
2106904,2006,29489
2111805,2006,16700
2100808,2007,13060
2101806,2007,5500
2104305,2007,9297
2104602,2007,13770
2104677,2007,26682
2106672,2007,8070
2100154,2008,11296
2104107,2008,12354
2105476,2008,15505
2101103,2009,11411
2105963,2009,10356
2108009,2009,17932
2103208,2010,73265
2105948,2010,8992
2108801,2010,17512
2112233,2010,20538
2114007,2010,49839
2107902,2011,17773
2103125,2012,7980
2105302,2012,253314
2105500,2012,24333
2111607,2012,17809
2103158,2013,11559
2110278,2013,14168
2100832,2014,16095
2102754,2014,11096
2102903,2014,23054
2109205,2014,11797
2111508,2014,40103
2103000,2015,161322
2104099,2015,17811
2105500,2015,24774
2106805,2015,14461
2107803,2015,33583
2100907,2016,42763
2109270,2016,17833
2111748,2016,10447
2112001,2016,8482
2112704,2016,48598
2112001,2017,8586
2106201,2018,7082
2108454,2018,21497
2112704,2018,47694
2100501,2019,11313
2109551,2019,7626
2111631,2019,5973
2112456,2019,29334
2100055,2020,110212
2101202,2020,106611
2103505,2020,41562
2104206,2020,17552
2104677,2020,24596
2105450,2020,7962
2107456,2020,13904
2107803,2020,33023
2111078,2020,17602
2102101,2021,35411
2104107,2021,12941
2104503,2022,10501
2106672,2022,8998
2107902,2022,17720
2108702,2022,22536
2110609,2022,27951
2102374,2023,9908
2110401,2023,18784
2101939,2002,5210
2111300,2002,942414
2102408,2003,10259
2104677,2003,27298
2111078,2003,15949
2111300,2003,953620
2112456,2003,18301
2104628,2004,7125
2104909,2004,12934
2103752,2005,12577
2107704,2005,19635
2107902,2005,16522
2109759,2005,6674
2111102,2005,24367
2105203,2006,10239
2105104,2007,24681
2105203,2007,10339
2111763,2007,14736
2101707,2008,51586
2104552,2008,14820
2100873,2009,14043
2100956,2009,32468
2101608,2009,82794
2111250,2009,7647
2111789,2009,9568
2112902,2009,31556
2100808,2010,13961
2100832,2010,15139
2111029,2010,16284
2104628,2011,7433
2105203,2011,10625
2106375,2011,13720
2111029,2011,16046
2111573,2011,4448
2111631,2011,6198
2112001,2011,7872
2104081,2012,9417
2106755,2012,24916
2110658,2012,7124
2111300,2012,1038711
2101731,2013,7200
2110039,2013,24319
2110609,2013,27383
2111201,2013,174731
2112902,2013,31923
2103307,2014,120911
2104909,2014,11874
2104602,2015,14229
2111748,2015,10445
2111789,2015,10066
2112233,2015,21623
2100436,2016,25552
2100808,2016,14350
2101970,2016,7538
2105302,2016,265359
2107258,2016,5116
2109502,2016,21570
2100436,2017,25459
2101707,2017,62686
2101731,2017,7879
2110203,2017,36068
2100154,2018,12248
2101509,2018,18696
2102002,2018,37098
2103703,2018,33022
2104602,2018,14294
2106755,2018,25013
2111003,2018,19778
2102002,2019,36654
2104800,2019,71961
2108454,2019,21430
2110203,2019,36865
2102150,2020,9885
2102705,2020,23804
2102754,2020,11545
2111508,2020,40469
2104503,2021,10526
2108454,2021,21237
2108801,2021,18229
2109502,2021,22420
2109700,2021,5717
2103307,2022,119331
2103604,2022,61936
2105005,2022,26778
2106201,2022,7277
2112100,2022,27641
2101103,2023,12076
2101772,2023,11989
2103158,2023,12594
2108207,2023,38504
2110203,2023,38129
2107407,2002,18165
2109205,2002,9983
2100709,2003,22115
2102002,2003,38209
2105963,2003,9288
2112605,2003,24317
2104677,2004,27147
2108207,2004,40601
2102150,2005,12981
2104305,2005,8609
2105963,2005,9678
2106409,2005,13513
2110203,2005,28175
2111607,2005,16466
2111672,2005,5424
2111706,2005,20270
2111763,2005,14756
2112274,2005,5723
2112605,2005,25731
2102556,2007,13256
2102903,2007,21247
2112605,2007,27182
2102754,2008,10764
2102804,2008,24250
2103109,2008,10379
2103505,2008,39172
2104081,2008,8123
2112001,2008,7519
2113009,2008,31348
2101004,2010,28751
2105963,2010,10496
2111300,2010,1025127
2111672,2010,6084
2102507,2011,18661
2103257,2011,13887
2103554,2011,14651
2104305,2011,10353
2110104,2011,24364
2102408,2012,10846
2104628,2013,7418
2104651,2013,10635
2107456,2013,13521
2109270,2013,17581
2110104,2013,24581
2100600,2014,38879
2101772,2014,10895
2109700,2014,5633
2112852,2014,11288
2104800,2015,67614
2106326,2015,20291
2101731,2016,7734
2104008,2016,18708
2104206,2016,17546
2110708,2016,34758
2111201,2016,196718
2111532,2016,13325
2104008,2017,18741
2109205,2017,11804
2110401,2017,18849
2100105,2018,6250
2102374,2018,9491
2108801,2018,18374
2100204,2019,20186
2100436,2019,25285
2101301,2019,17123
2103554,2019,15326
2107902,2019,17870
2109452,2019,30122
2109908,2019,87683
2111789,2019,10296
2100907,2020,41695
2102374,2020,9687
2104057,2020,35341
2106805,2020,14448
2112506,2020,55086
2100501,2021,11360
2109106,2022,46580
2109304,2022,10857
2111631,2022,5858
2101004,2023,30494
2105922,2023,10847
2108256,2023,24833
2109502,2023,22616
2111300,2023,1088510
2111631,2023,5798
2102002,2002,37864
2103505,2002,37991
2111953,2002,5308
2112100,2002,28091
2100600,2003,34519
2101806,2003,5474
2111508,2003,37557
2111763,2003,14787
2112308,2003,37433
2112704,2003,41341
2100204,2004,22109
2105476,2004,14809
2110237,2004,9922
2110708,2004,34587
2111805,2004,16387
2104909,2005,12839
2106904,2005,28933
2108108,2005,20590
2108702,2005,23618
2109502,2005,21089
2111250,2005,7703
2105609,2006,15684
2105989,2006,6567
2100204,2007,22146
2103208,2007,70242
2104800,2007,57762
2108058,2007,13587
2108702,2007,23129
2101251,2008,13974
2103554,2008,13851
2104701,2008,6255
2106201,2008,6402
2106631,2008,12222
2107357,2008,19408
2111805,2008,16962
2101970,2009,6865
2102358,2009,15359
2107803,2009,33747
2111052,2009,11024
2111672,2009,6005
2103604,2010,62561
2106706,2010,20646
2107506,2010,102824
2110104,2010,24234
2102150,2011,10821
2104651,2011,10443
2105153,2011,12690
2107506,2011,105793
2109502,2011,20616
2111805,2012,17273
2100055,2013,107039
2104073,2013,8233
2105906,2013,15666
2110005,2013,69521
2100477,2014,30766
2101905,2014,20961
2107456,2014,13600
2100402,2015,7230
2101707,2015,60620
2104404,2015,17777
2104503,2015,10495
2105948,2015,9039
2109106,2015,45919
2102101,2016,35168
2102325,2016,63780
2104503,2016,10525
2104701,2016,6216
2105658,2016,5119
2107605,2016,20203
2111102,2016,25598
2111722,2016,11003
2100709,2017,25849
2107357,2017,17073
2112100,2017,28199
2101939,2018,5867
2102101,2018,35339
2109502,2018,21918
2103174,2019,17742
2105351,2019,14366
2105401,2019,63440
2106326,2019,21015
2110401,2019,18889
2105476,2020,17115
2108801,2020,18291
2111722,2020,9875
2111904,2020,10603
2104081,2021,10795
2105948,2021,9055
2107605,2021,21187
2108900,2021,18240
2111573,2021,5665
2103802,2022,23641
2108603,2022,86960
2100600,2023,38471
2109809,2023,42888
2111805,2023,17502
2105948,2002,9347
2108603,2002,72909
2111631,2002,8459
2112704,2002,39943
2113009,2002,31185
2100808,2003,11664
2103109,2003,10240
2104552,2003,12447
2109403,2003,12292
2110104,2003,22659
2102002,2004,38526
2102374,2004,7934
2102804,2004,24493
2102903,2004,20376
2104008,2004,20167
2110302,2004,14706
2100600,2005,35545
2100832,2005,13548
2101301,2005,17334
2101772,2005,9804
2102200,2005,25769
2103604,2005,60634
2106755,2005,20674
2109239,2005,6063
2110906,2005,12058
2100956,2006,32369
2103000,2006,153304
2111706,2006,20484
2112456,2006,19749
2112803,2006,48534
2100105,2007,5588
2104909,2007,12674
2105500,2007,24611
2106706,2007,20673
2102507,2008,18612
2103158,2008,9964
2106300,2008,17339
2112456,2008,20873
2101004,2009,28643
2104503,2009,10156
2105401,2009,61961
2106003,2009,11527
2109809,2009,37487
2110807,2009,4851
2101905,2010,21039
2103158,2010,11005
2105005,2010,26449
2106201,2010,6514
2110401,2010,17956
2111722,2010,12213
2104404,2011,17708
2105476,2011,15932
2109452,2011,26483
2111672,2011,6072
2111789,2011,9736
2100477,2012,31510
2100550,2012,6587
2102150,2012,10712
2104909,2012,12147
2107308,2012,4651
2109304,2012,10956
2111722,2012,12057
2101707,2013,58211
2104206,2013,17487
2107605,2013,19459
2109452,2013,27480
2109809,2013,39681
2111573,2013,4657
2111904,2013,10611
2100303,2014,24468
2100808,2014,14308
2100956,2014,31014
2105658,2014,5043
2105906,2014,15665
2107605,2014,19719
2109304,2014,11042
2110609,2014,27563
2112506,2014,54302
2112902,2014,32007
2100477,2015,30380
2105922,2015,11025
2105989,2015,7120
2112209,2015,165175
2102408,2016,10868
2104909,2016,11602
2105476,2016,16570
2105922,2016,11021
2109007,2016,22884
2112902,2016,32119
2101202,2017,105073
2105500,2017,24983
2107100,2017,18781
2110500,2017,44407
2101731,2019,8131
2102325,2019,61420
2104602,2020,14355
2109551,2021,7639
2112100,2021,27801
2103125,2022,7380
2103208,2022,83201
2107605,2022,21333
2108801,2022,18172
2101202,2023,107392
2103554,2023,15263
2104073,2023,8247
2108108,2023,20852
2108405,2023,11495
2108900,2023,17706
2109239,2023,4838
2111904,2023,10490
2101772,2002,9425
2104206,2002,17206
2109056,2002,6505
2101608,2003,79434
2102077,2003,13012
2102309,2003,22533
2102556,2003,12612
2103257,2003,12824
2105401,2003,55871
2108058,2003,12502
2112852,2003,8232
2101707,2004,46059
2106805,2004,13927
2107605,2004,18029
2111029,2004,17311
2111052,2004,10954
2101509,2005,16580
2104800,2005,55107
2109601,2005,37960
2111722,2005,10431
2111805,2005,16543
2109700,2006,5521
2112506,2006,49228
2100303,2007,22640
2103000,2007,154428
2109106,2007,44061
2111029,2007,16850
2101905,2008,21022
2103752,2008,12539
2106326,2008,18413
2109403,2008,13645
2100402,2009,7471
2101905,2009,21036
2104909,2009,12492
2106300,2009,17717
2106672,2009,8138
2108256,2009,22285
2109700,2009,5534
2111003,2009,20277
2101939,2010,5674
2103125,2010,7960
2105351,2010,14192
2111631,2010,6314
2102556,2011,13547
2107258,2011,4955
2108454,2011,21498
2111300,2011,1032128
2103505,2012,39934
2105989,2012,7030
2108801,2012,17879
2105351,2013,14359
2107100,2013,18320
2111052,2013,10905
2103406,2014,47100
2100436,2015,25612
2109270,2015,17760
2111409,2015,19700
2100956,2016,30105
2102804,2016,24571
2103109,2016,10569
2103752,2016,13614
2110278,2016,14337
2111078,2016,17735
2103000,2017,162313
2104073,2017,8283
2104107,2017,12799
2104503,2017,10529
2104909,2017,11463
2109270,2017,17880
2110906,2017,12228
2101004,2018,30067
2105708,2018,46706
2109270,2018,17926
2111102,2018,25746
2100303,2019,24269
2108058,2019,16642
2100956,2020,28132
2106300,2020,15226
2100709,2021,26163
2103703,2021,32986
2109601,2021,40246
2104602,2022,14333
2107506,2022,145369
2109007,2022,24207
2105807,2023,9781
2106672,2023,9017
2108801,2023,18129
2110708,2023,35256
2105500,2002,25260
2102903,2003,20065
2107506,2003,82178
2110500,2003,35323
2102754,2004,10783
2105401,2004,56904
2111748,2004,9426
2100154,2005,10791
2101939,2005,5379
2104677,2005,26985
2105609,2005,15630
2111789,2005,9197
2103505,2006,38811
2104081,2006,7210
2112001,2006,7274
2105401,2007,60037
2106326,2007,17992
2112407,2007,33525
2101301,2008,17674
2111763,2008,14704
2112407,2008,33641
2101400,2009,80190
2105476,2009,15665
2107209,2009,11904
2104081,2010,8958
2104628,2010,7425
2104800,2010,61493
2106300,2010,17918
2100105,2011,5975
2103604,2011,62703
2104057,2011,36360
2109601,2011,40229
2109908,2011,84368
2111508,2011,39629
2103158,2012,11446
2104651,2012,10533
2106003,2012,11568
2102374,2013,8818
2102556,2013,13459
2111672,2013,5895
2112704,2013,49782
2105401,2014,63618
2106326,2014,20075
2100154,2015,12064
2100709,2015,25586
2105351,2015,14397
2106409,2015,16243
2110005,2015,67894
2103703,2016,33074
2106631,2016,15817
2103208,2017,80140
2103802,2017,23459
2104552,2017,17515
2111706,2017,20728
2101970,2018,7644
2102705,2018,23128
2104081,2018,10345
2105203,2018,10637
2107001,2018,9476
2109759,2018,7094
2109809,2018,41803
2110237,2018,11353
2106607,2019,33320
2108801,2019,18346
2101905,2020,20544
2104503,2020,10541
2110708,2020,35217
2112100,2020,27934
2104651,2021,10992
2102101,2022,35369
2102200,2022,30441
2106607,2022,33376
2111409,2022,18564
2103703,2023,32752
2106631,2023,17632
2110104,2023,24551
2110278,2023,14286
2114007,2023,42631
2105807,2002,10177
2110039,2002,22114
2111789,2002,8951
2112001,2002,6785
2105005,2003,23439
2106904,2003,27821
2110401,2003,17203
2100709,2004,22494
2101509,2004,16370
2103406,2004,45929
2106672,2005,8006
2109007,2005,19345
2110237,2005,10276
2100501,2006,10687
2100873,2006,12936
2101806,2006,5487
2102556,2006,13114
2104602,2006,13682
2106375,2006,11714
2108256,2006,20935
2109809,2006,35469
2111029,2006,17010
2101202,2007,99097
2103158,2007,9354
2104081,2007,7656
2104404,2007,17775
2107209,2007,11110
2101202,2008,99505
2103901,2008,10632
2104206,2008,17360
2105351,2008,13771
2109908,2008,82700
2111532,2008,11821
2104008,2009,18665
2104651,2009,10363
2104800,2009,60292
2105922,2009,11034
2107001,2009,9703
2109304,2009,10686
2110906,2009,12016
2105427,2010,25323
2107407,2010,18870
2109239,2010,6531
2110500,2010,40511
2110856,2010,10324
2111052,2010,11013
2111904,2010,10576
2112704,2010,50153
2100600,2011,38556
2103406,2011,47718
2106326,2011,19370
2106755,2011,24771
2107357,2011,19482
2109809,2011,38630
2100303,2012,24390
2101004,2012,29088
2105922,2012,11020
2101004,2013,29284
2103174,2013,19150
2100873,2014,13687
2101251,2014,15727
2107902,2014,17872
2109270,2014,17669
2110104,2014,24667
2111003,2014,20145
2111029,2014,15264
2103109,2015,10560
2105609,2015,15702
2111532,2015,13096
2103174,2016,18455
2103604,2016,62862
2106508,2016,22591
2111672,2016,5543
2100154,2017,12192
2104081,2017,10191
2106755,2017,25061
2107605,2017,20417
2109304,2017,11067
2111300,2017,1066188
2112308,2017,39091
2100402,2018,6998
2103554,2018,15302
2107209,2018,13990
2109239,2018,5538
2112902,2018,32151
2100808,2019,14318
2101400,2019,98363
2104081,2019,10507
2105708,2019,46675
2111607,2019,18780
2114007,2019,45187
2100436,2020,25169
2100501,2020,11349
2101400,2020,99979
2104800,2020,72954
2105658,2020,5244
2109056,2020,6174
2110658,2020,7949
2111672,2020,5041
2103802,2021,23658
2104404,2021,17751
2108603,2021,86467
2112209,2021,177658
2108306,2022,34079
2111102,2022,25933
2112704,2022,45745
2101301,2023,16729
2103109,2023,10468
2103752,2023,14645
2104677,2023,23829
2110807,2023,4511
2111029,2023,12688
2111078,2023,17333
2112308,2023,37684
2112407,2023,38618
2100832,2002,12381
2101806,2002,5470
2103174,2002,16946
2103208,2002,65345
2105963,2002,9091
2106508,2002,20404
2107357,2002,17475
2108009,2002,16360
2109403,2002,12022
2112852,2002,7814
2110302,2003,14727
2111573,2003,4162
2109239,2004,5933
2109809,2004,34046
2109908,2004,79849
2101400,2005,72033
2101707,2005,47399
2103307,2005,118397
2105302,2005,245498
2109205,2005,10619
2112407,2005,33222
2112803,2005,48149
2101509,2006,16806
2109502,2006,20973
2110005,2006,71287
2110500,2006,37669
2111300,2006,986692
2102077,2007,14235
2104503,2007,9900
2110278,2007,12692
2101608,2008,82286
2108801,2009,17331
2109056,2009,6153
2111029,2009,16481
2111607,2009,17326
2103703,2011,33141
2106706,2011,20706
2100600,2012,38725
2101731,2012,7013
2103752,2012,12846
2106300,2012,17698
2106326,2012,19622
2110302,2012,14502
2111573,2012,4535
2100907,2013,43228
2107001,2013,9522
2111789,2013,9901
2112233,2013,21183
2101301,2014,17540
2103109,2014,10528
2105476,2014,16326
2106672,2014,8564
2106904,2014,30933
2107258,2014,5063
2107308,2014,4638
2108801,2014,18161
2100873,2015,13474
2107308,2015,4631
2111953,2015,5385
2109700,2016,5667
2114007,2016,46915
2102374,2017,9390
2104800,2017,69843
2107506,2017,126415
2108405,2017,12874
2109551,2017,7587
2111904,2017,10630
2102804,2018,24655
2105005,2018,27172
2111508,2018,40413
2102036,2019,29689
2107308,2019,4557
2109056,2019,6172
2110856,2019,9731
2111003,2019,19667
2100477,2020,28297
2112902,2020,32159
2101608,2021,87535
2106375,2021,14098
2106706,2021,21526
2107001,2021,9437
2107258,2021,5164
2109106,2021,46566
2100832,2022,17668
2100873,2022,11814
2101400,2022,103023
2103158,2022,12538
2107258,2022,5161
2102754,2023,11620
2111672,2023,4682
2112704,2023,45134
2102507,2002,17846
2102903,2002,19744
2104404,2002,17983
2104503,2002,9260
2105351,2002,12074
2108702,2002,24475
2110005,2002,70324
2110500,2002,34542
2111607,2002,15780
2100956,2003,32111
2106631,2003,9122
2109304,2003,9854
2100550,2004,5994
2100956,2004,32193
2103158,2004,7672
2105807,2004,10294
2110500,2004,36100
2100550,2005,6088
2102101,2005,31053
2105807,2005,10347
2101301,2006,17470
2106326,2006,17575
2108405,2006,14127
2109601,2006,38455
2110237,2006,10627
2111201,2006,140458
2113009,2006,31332
2107100,2008,17421
2101707,2010,54314
2108306,2010,35883
2109759,2010,7184
2100709,2011,24867
2100956,2011,32133
2102077,2011,14913
2104206,2011,17438
2105963,2011,10606
2106805,2011,14383
2109551,2011,7428
2101103,2012,11660
2104008,2012,18456
2105203,2012,10645
2109502,2012,20780
2109809,2012,39168
2110278,2012,14082
2111201,2012,168344
2111953,2012,5465
2112001,2012,8001
2100402,2013,7383
2100477,2013,31141
2104107,2013,12546
2105500,2014,24632
2109809,2014,40188
2110203,2014,34791
2110708,2014,34512
2100303,2015,24487
2102358,2015,14577
2104677,2015,25560
2108900,2015,19593
2104651,2016,10907
2105906,2016,15636
2107209,2016,13735
2110658,2016,7552
2110856,2016,10031
2107258,2017,5135
2108207,2017,39491
2109239,2017,5687
2112274,2017,5799
2112506,2017,54789
2108405,2018,12644
2102150,2019,9995
2102705,2019,23483
2104206,2019,17551
2103604,2020,62416
2102077,2021,13046
2106102,2021,11951
2110906,2021,12391
2111029,2021,13277
2112852,2021,10846
2100501,2022,11373
2100550,2022,7284
2100600,2022,38622
2105450,2022,7757
2105658,2022,5274
2109908,2022,88114
2110500,2022,47242
2103000,2023,163476
2107100,2023,18982
2107258,2023,5138
